station name,station code
Abutara Halt,ABW
Acharya Narendra Dev Nagar,ACND
Achhnera Junction,AH
Adarshnagar,AHO
Adarshnagar Delhi,ANDI
Adas Road,ADD
Adesar,AAR
Adgaon Buzurg,ABZ
Adilabad,ADB
Adipur Junction,AI
Adisaptagram,ADST
Adityapur,ADTP
Adoni,AD
Adra Junction,ADRA
Aduturai,ADT
Agartala,AGTL
Agas,AGAS
Agasod,AGD
Aghwanpur,AWP
Agori Khas,AGY
Agra Cantonment,AGC
Agra City,AGA
Agra Fort,AF
Ahalyapur,AHLR
Ahmadgarh,AHH
Ahmednagar,ANG
Ahmadpur Junction,AMP
Ahmedabad Junction,ADI
Ahraura Road,ARW
Airoli,AIRL
Aishbagh,ASH
Ait,AIT
Aithal,ATMO
Ajaibpur,AJR
Ajanti,ANI
Ajaraka,AIA
Ajgain,AJ
Ajhai,AJH
Ajit,AJIT
Ajmer Junction,AII
Ajni,AJNI
Akalkot Road,AKOR
Akaltara,AKT
Akanapet,AKE
Akbarganj,AKJ
Akbarpur Junction,ABP
Akividu,AKVD
Akodia,AKD
Akola Junction,AK
Akolner,AKR
Akona,AKW
Akot,AKOT
Akurdi,AKRD
Alamnagar,AMG
Aler,ALER
Algawan,AIG
Alia Bada,ALB
Aligarh Junction,ALJN
Alipurduar,APD
Alipurduar Junction,APDJ
Alirajpur,ARPR
Allahabad City,ALY
Allahabad Junction,ALD
Alappuzha,ALLP
Almatti,LMT
Alnavar Junction,LWR
Alniya,ALNI
Aluabari Road Junction,AUB
Alwar Junction,AWR
Aluva,AWY
Amalner,AN
Amalsad,AML
Aman Vadi,AMW
Amarpura,APA
Amausi,AMS
Amb Andaura,AADR
Ambagaon,AGB
Ambala Cantonment,UMB
Ambala City,UBC
Ambalappuzha,AMPA
Ambale,ABLE
Ambari,ABX
Ambari Falakata,ABFC
Ambarnath,ABH
Ambassa,ABSA
Ambasamudram,ASD
Ambattur,ABU
Ambaturai,ABI
Ambiapur,AAP
Ambika Kalna,ABKA
Ambikapur,ABKP
Ambikeshwar,ABE
Ambivli,ABY
Ambli Road,ABD
Ambliyasan Junction,UMN
Ambodala,AMB
Ambur,AB
Amethi,AME
Amgaon,AGN
Amla Junction,AMLA
Amlai,AAL
Amlakhurd,AMX
Amli,AMLI
Ammasandra,AMSA
Amravati,AMI
Amreli,AE
Amritsar Junction,ASR
Amritvel,AVL
Amroha,AMRO
Anakapalle,AKP
Anand Junction,ANND
Anand Nagar Junction,ANDN
Anand Vihar,ANVT
Anandpur Sahib,ANSB
Anandtandavpur,ANP
Anantapur,ATP
Anantnag,ANT
Anaparti,APT
Anara,ANR
Anas,ANAS
Andal Junction,UDL
Andheri,ADH
Angadippuram,AAM
Angamaly,AFK
Angar,AAG
Angul,ANGL
Anjani,ANO
Anjar,AJE
Anjhi Shahabad,AJI
Ankai Killa,ANK
Ankleshwar Junction,AKV
Ankleshwar Udyognagar,AKVU
Ankola,ANKL
Annanur,ANNR
Annavaram,ANV
Annigeri,NGR
Anpara,ANPR
Antah,ATH
Antu,ANTU
Anugraha Narayan Road,AUBR
Anupgarh,APH
Anuppur Junction,APR
Anupshahr,AUS
Aonla,AO
Ara Junction,ARA
Arabagatta H,ABGT
Arakkonam Junction,AJJ
Araku,ARK
Aralvaymozhi,AAY
Arambakkam,AKM
Arariya,ARR
Arariya Court,ARQ
Arasur,ARS
Aravali Road,AVRD
Aravankadu,AVK
Ariyalur,ALU
Arjansar,AS
Arjuni,AJU
Arnetha,ARE
Arni Road,ARV
Arsikere Junction,ASK
Aruppukkottai,APK
Arvi,ARVI
Aryankavu,AYV
Asafpur,AFR
Asalpur Jobner,JOB
Asangaon,ASO
Asansol Junction,ASN
Asaoti,AST
Ashoknagar,ASKN
Asthal Bohar Junction,ABO
Aslana,ANA
Aslaoda,ASL
Asnoti,AT
Asokhar,AXK
Asranada,AAS
Attari,ATT
Ataria,AA
Atarra,ATE
Ateli,AEL
Atgaon,ATG
Athipattu,AIP
Athipattu Pudhunagar,AIPP
Atrampur,ARP
Atrauli Road,AUR
Atru,ATRU
Attabira,ATS
Attar,ATR
Attur,ATTR
Aulenda,AED
Aunrihar Junction,ARJ
Aurangabad,AWB
Auvaneeswarem,AVS
Auwa,AUWA
Avadi,AVD
Awantipora,ATPA
Ayodhya Junction,AY
Azamgarh,AMH
Azamnagar Road,AZR
Azimganj City,ACLE
Azimganj Junction,AZ
Station name,Station code
Abada,ABB
Abhaipur,AHA
Abhayapuri,AYU
Abohar Junction,ABS
Abu Road,ABR
Acharapakkam,ACK
Achalganj,ACH
Achalpur,ELP
Achhalda,ULD
Agomani,AGMN
Algapur,ALGP
Amguri,AGI
Amoni,AONI
Anipur,APU
Anjangaon,ANJ
Arunachal Junction,ARCL
Argora,AOR
Aujari,AJRE
Azara,AZA
Banahi,BYN
Banbasa,BNSA
Bandakpur,BNU
Bandh Bareta,BR
Bangrod,BOD
Bani,BANI
Baniya Sanda Dhora,BSDA
Bankata,BTK
Bansipur,BSQP
Banta Raghunathgarh,BGG
Banthra,BTRA
Banwali,BWC
Baori Thikria,BOTI
Bar,BAR
Baradwar,BUA
Baragaon,BNM
Baral,BARL
Barbatpur,BBTR
Barchi Road,BCRD
Barejadi,BJD
Bareta,BRZ
Bargawan,BRGW
Barlai,BLAX
Barsathi,BSY
Barsola,BZO
Baruva,BAV
Barwa Sagar,BWR
Barwaha,BWW
Barya Ram,BYHA
Basai,BZY
Basharatganj,BTG
Basi Kiratpur,BSKR
Baswa,BU
Bavla,VLA
Baytu,BUT
Bedetti,BVV
Behtagokul,BEG
Bejnal,BJN
Belgahna,BIG
Belha,BYL
Belrayan,BXM
Belsiri,BLRE
Belur,BEQ
Belvandi,BWD
Besroli,BSRL
Betavad,BEW
Bhabhar,BAH
Bhadaura,BWH
Bhadbhadaghat,BVB
Bhadli,BDI
Bhadroli,BBY
Bhaga Junction,VAA
Bhagega,BAGA
Bhagtanwala,BGTN
Bhagwanpur,BNR
Bhagwanpura,BGPR
Bhairongarh,BOG
Bhanapur,BNP
Bhankoda,BKD
Bharat Kup,BTKP
Bharatkund,BTKD
Bharatwada,BWRA
Bharwa Sumerpur,BSZ
Bharwari,BRE
Bhatel,BHTL
Bhatgaon,BOV
Bhatiya,BHV
Bhaton Ki Gali,BHG
Bhatpar Rani,BHTR
Bhatpur,BTPR
Bhaunra,BNVD
Bhavani Nagar,BVNR
Bhawanipur Kalan,BWP
Bheerpur,BEP
Bhemswadi,BSWD
Bhesana,BFY
Bhigwan,BGVN
Bhilavdi,BVQ
Bhimal,BIML
Bhimana,BMN
Bhimarlai,BMQ
Bhimasar,BMSR
Bhimnath,BNH
Bhinwaliya,BWA
Bhitaura,BTO
Bhojo,BOJ
Bhojras,BHAS
Bhoke,BOKE
Bhone,BHNE
Bhupalsagar,BSJ
Bhupia Mau,VPO
Bhutakia Bhimsa,BUBR
Bichia,BIC
Bidanpur,BDNP
Bighapur,BQP
Bijainagar,BJNR
Bijauli,BJI
Bijaysota,VST
Bijora,BJK
Bijrotha,BJA
Bijuri,BJRI
Bikrampur,BMR
Bildi,BILD
Bilhar Ghat,BLG
Bilhaur,BLU
Bilkha,BILK
Billi,BXLL
Bilpur,BLPU
Bilwai,BWI
Binaur,BNAR
Bir,BIR
Biradhwal,BDWL
Birambad,BAMA
Birang Khera,BMK
Birapatti,BRPT
Birohe,BEO
Biroliya,BRLY
Birsinghpur,BRS
Bisalwas Kalan,BIWK
Bishnathganj,BTJ
Biswan,BVN
Bobas,BOBS
Bodwad,BDWD
Bolai,BLX
Bolda,BLC
Bordhal,BXY
Bordi,BIO
Borgaon,BGN
Borvihir,BRVR
Brahmavart,BRT
Brayla Chaurasi,BRLA
Budalur,BAL
Bundki,BEK
Burhwal,BUW
Butari,BTR
Butewala,BWF
Badampudi,BPY
Badshahpur,BSE
Badwasi,BWS
Bagaha,BUG
Bagalkot,BGK
Bagbahra,BGBR
Bagevadi Road,BSRX
Baghauli,BGH
Baghora,BJQ
Bagra Tawa,BGTA
Bagri Nagar,BQN
Bagri Sajjanpur,BGX
Bagwali,BWB
Bahadur Singh Wala,BSS
Bahadurgarh,BGZ
Bahadurpur,BPD
Bahilpurwa,BIP
Bahjoi,BJ
Bahraich,BRK
Baijnathpur,BYP
Baikunthpur Road,BRH
Bairapur,BIP
Bairgania,BGU
Baitalpur,BALR
Bajva,BJW
Bakhtiyarpur Junction,BKP
Bakra Road,BK
Balaghat,BTC
Balamau Junction,BLM
Balangir,BLGR
Balasore,BLS
Balauda Takun,BLDK
Balawala,BLWL
Balawali,BLW
Balharshah,BPQ
Baliakheri,BAE
Balipara,BVU
Ballabhgarh,BVH
Ballia,BUI
Ballupur,BAPR
Balrampur,BLP
Balsamand,BLSD
Balugan,BALU
Balwa,WAB
Balwara,BAWA
Bamanheri,BMHR
Bamhni,BMW
Bamhni Banjar,
Bamla,BMLL
Bamnia,BMI
Bamsin,BMSN
Bamra,BMB
Bamsin,BMSN
Banapura,BPF
Banar,BNO
Banas,BNS
Banda Junction,BNDA
Bandanwara,BDW
Bandikui Junction,BKI
Banasthali Niwai,BNLW
Bantawala,BNTL
Bapatla,BPP
Bara Jamda,BJMD
Barbil,BBN
Baramati,BRMT
Baran,BAZ
Barara,RAA
Baraut,BRT
Barauni Junction,BJU
Bareth,BET
Bargarh Road,BRGA
Barh,BARH
Barhiya,BRYA
Barhni,BNY
Bariarpur,BUP
Barkakana,BRKA
Barog,BOF
Barpali,BRPL
Barshitakli,BSQ
Barsi Town,BTW
Barsoi Junction,BOE
Barsuan,BXF
Bartara,BTRA
Barwadih Junction,BRWD
Basar,BSX
Basmath,BMF
Basni,BANE
Bassi Pathana,BSPN
Basti,BST
Bawal,BWL
Bawani Khera,BWK
Bayana Junction,BXN
Bazida Jatan,BZJT
Bajpur,BPZ
Beawar,BER
Begampet,BMT
Begusarai,BGS
Bela Tal,BTX
Belampalli,BPA
Belandur Road,BLRR
Belgharia,BEL
Belpahar,BPH
Belthara Road,BLTR
Beohari,BEHR
Berchha,BCH
Brahmapur,BAM
Bettiah,BTH
Betul,BZU
Bhachau,BCO
Bhadohi,BOY
Bhadra,BHD
Bhadrachalam Road,BDCR
Bhadrak,BHC
Bhadran,BDRN
Bhagalpur,BGP
Bhaini Khurd,BZK
Bhandak,BUX
Bharatpur Junction,BTE
Bharuch Junction,BH
Bhatni Junction,BTT
Bhattu,BHT
Bhawani Mandi,BWM
Bhayavadar,BHY
Bheempura,BIPR
Bheraghat,BRGT
Bhilad,BLD
Bhilai Power House,BPHB
Bhilainagar,BQR
Bhildi,BLDI
Bhilwara,BHL
Bhimavaram Junction,BVRM
Bhimavaram Town,BVRT
Bhimsen,BZM
Bhind,BIX
Bhiwani,BNW
Bhiwani City,BNWC
Bhodwal Majri,BDMJ
Bhogpur Sirwal,BPRS
Bhojipura Junction,BPR
Bhongaon,BGQ
Bhongir,BG
Bhopal Bairagarh,BIH
Bhopal Dewanganj,DWN
Habibganj,HBJ
Bhopal Junction,BPL
Bhopal Mandideep,BMND
Bhopal Misrod,BMSD
Bhopal Nishatpura,BNTP
Bhuj,BHUJ
Bhusaval Junction,BSL
Bhusaval,BSL
Bibinagar Junction,BN
Bichpuri,BCP
Bidadi,BID
Bidar,BIDR
Bidupur,BIU
Bihar Sharif,BEHS
Bihiya,BEA
Bihta,BTA
Bijapur,BJP
Bijnor,BJO
Bijoor,BIJR
Bikaner Junction,BKN
Bilaspur Road,BLOR
Bilimora Junction,BIM
Bina Junction,BINA
Birlanagar,BLNR
Birmitrapur,BRMP
Birur,RRB
Bishangarh,BISH
Bishrampur,BSPR
Bissau,BUB
Biswa Bridge,BIS
Biyavra,BVR
Biyavra Rajgarh,BRRG
Bobbili Junction,VBL
Bodhan,BDHN
Boinda,BONA
Bokajan,BXJ
Bolarum,BMO
Bommidi,BQI
Borawar,BOW
Borra Guhalu,BGHU
Botad Junction,BTD
Brajarajnagar,BRJN
Budhlada,BLZ
Budni,BNI
Bulandshahr,BSC
Bundi,BUDI
Burhanpur,BAU
Burhar,BUH
Buxar,BXR
Byadarahalli,BDRL
Boridand,BRND
Barai Jalalpur,BJLP
Baghajatin,BGJT
Bagula,BGL
Bahirkhand,BHAW
Boinchi,BOI
Bally,BLY
Ballygunge Junction,BLN
Bamangachhi,BMG
Banarhat,BNQ
Banaswadi,BAND
Banasandra,BSN
Bandel Junction,BDC
Bandra Terminus,BDTS
Bangalore Cantonment,BNC
Bangalore City,BNCE
Bangarapet Junction,BWT
Bangarapet,BWY
Bankura Junction,BQA
Banmankhi Junction,BNKI
Banmor,BAO
Bansdih Road,BCD
Banshlai Bridge,BSBR
Bansi Paharpur,BIQ
Barabhum,BBM
Barakar,BRR
Barasat Junction,BT
Barddhaman Junction,BWN
Bardoli,BIY
Bareilly City,BE
Bareilly Junction,BRY
Bareilly Cantt,BRYC
Barharwa Junction,BHW
Barkur,BKJ
Barmer,BME
Barnagar,BNG
Barrackpore,BP
Baruipur Junction,BRP
Basta,BTS
Batuva,BTVA
Bauria Junction,BVA
Begunkodor,BKDR
Behula,BHLA
Belapur,BAP
Belgaum,BGM
Bellary Junction,BAY
Berhampore Court,BPC
Bhabua Road,BBU
Bhadan,BDN
Bhadravathi,BDVT
Bhagat Ki Kothi,BGKT
Bhalki,BHLK
Bhalumaska,BLMK
Bhatkal,BTJL
Bhavnagar Para railway station,BVP
Bhavnagar Terminus railway station,BVC
Bhawanipatna,BWIP
Bhiwandi,BIRD
Bhojudih Junction,BJE
Bidhan Nagar Road,BNXR
Bilaspur,BSP
Bindki Road,BKO
Binnaguri,BNV
Birati,BBT
Bishnupur,VSU
Bodeli,BDE
Boisar,BOR
Bokaro Steel City,BKSC
Bokaro Thermal,BKRO
Bolpur â€” Santiniketan,BHP
Borivali,BVI
Budge Budge,KBGB
Burdwan,BWN
Burnpur,BURN
Bangaon,BNJ
B.B.D. Bag,BBDB
Budge Budge,BGB
Bamangachi,BMG
Bira,BIRA
Birati,BBT
Bibhuti Bhushan Halt,BNAA
Belur,BEQ
Belur Math,BEQM
Bisharpara Kodaliya,BRPK
Baghbazar,BBR
Burra Bazar,BZR
Birnagar,BIJ
Beldanga,BEB
Bacheli,BCHL
Bachhrawan,BGL
Bachwara Junction,BCA
Badmal,BUDM
Balabhadrapuram,BBPM
Badampahar,BMPR
Badausa,BUS
Bethamcherla,BMH
Budaun,BEM
Babarpur,BBDE
Babatpur,BTP
Bebejia,BEE
Babhnan,BV
Babina,BAB
Babrala,BBA
Babugarh,BBO
Babupeth,BUPH
Badami,BDM
Badurpur Ghat,BPG
Badarpur Junction,BPB
Budgam,BDGM
Badhada,BDHA
Badhal,BDHL
Badlapur,BUD
Badli,BHD
Badnapur,BDU
Badnera Junction,BD
Badshahnagar,BNZ
Bagetar,BF
Baghnapara,BGRA
Baheri,BHI
Baidyanathdham Deoghar,BDME
Baihata Chariali,BIZ
Baiguda,BGUA
Bairabi (Bhairabi),BHRB
Bajalta,BLA
Balikotia,BKS
Balli,BLLI
Bamuni Gaon,BGMN
Bandarkhal,BXK
Bandra,BA
Bangalore City,SBC
Bangriposi,BGY
Banihal,BAHL
Barabanki Junction,BBK
Barahu,BRHU
Baraigram Junction,BRGM
Baramulla,BRML
Baranagar Road,BARN
Barhan Junction,BRN
Bari Brahman,BBMN
Barnala,BNN
Barpeta Road,BPRD
Basantar Block Hut,BHBT
Basbari,BSI
Basin Bridge,BBQ
Basugaon,BSGN
Batadrowa Road,BTDR
Batala Junction,BAT
Bathinda Cantonment,BTIC
Bathinda Junction,BTI
Bazurghat,BZGT
Beas Junction,BEAS
Bellary Cantonment,BYC
Bhakti Nagar,BKNG
Bhandara Road,BRD
Bhandup,BND
Bhanga,BXG
Bharoli Junction,BHRL
Bharthana,BNT
Bhayandar,BYR
Bhivpuri Road,BVS
Bhubaneswar,BBS
Bidyadabri,BDYR
Bihara,BHZ
Bijbiara,BJBA
Bijni,BJF
Bissam Cuttack,BMCK
Boko,BOKO
Bongaigaon,BNGN
Bordi Road,BRRD
Boxirhat,BXHT
Budhi,BDHY
Byculla,BY
Chatrapur,CAP
Kozhikode,CLT
Kannur,CAN
Cannanore South,CS
Castle Rock,CLR
Chandanattop,CTPE
Chabua,CHB
Chachaura Bngj,CBK
Chadotar,CDQ
Chaibasa,CBSA
Chainwa,CW
Chajawa,CJW
Chajli,CJL
Chakdaha,CDH
Chakehri(Kanpur),CHK
Chakia,CAA
Chakradharpur,CKP
Chakraj Mal,CAJ
Chaksu,CKS
Chakulia,CKU
Chalakudy,CKI
Chalala,CLC
Chalisgaon Junction,CSN
Challakere,CLK
Chalthan,CHM
Chamagram,CMX
Chamarajanagar,CMNR
Champa,CPH
Champaner Rd Junction,CPN
Chamraura,CHRU
Chand Siau,CPS
Chanda Fort,CAF
Chandan Nagar,CGR
Chandari(Kanpur),CNBI
Chandauli Majhwar,CDMR
Chandausi Junction,CH
Chandawal,CNL
Chandi Mandir,CNDM
Chandia Road,CHD
Chandigarh,CDG
Chandil Junction,CNI
Chandiposi,CPE
Chandisar,CDS
Chandlodiya,CLDY
Chandok,CNK
Chandrapur,CD
Chandrapura,CRP
Chandresal,CDSL
Chandur,CND
Chaneti,CHTI
Changanacheri,CGY
Channani,CHNN
Channapatna,CPT
Chanpatia,CAI
Charaud,CRW
Charbagh,LKO
Charbatia,CBT
Charbhuja Road,CBG
Charkhari Road,CRC
Charkhi Dadri,CKD
Charvattur,CHV
Chata,CHJ
Chau Mahla,CMU
Chaube,CBH
Chaukhandi,CHH
Chaunrah,CNH
Chaurakheri,CRKR
Chaure Bazar,CHBR
Chauri Chaura,CC
Chausa,CSA
Chauth Ka Brwra,CKB
Chavalkhede,CHLK
Chawapall,CHA
Chemancheri,CMC
Chengalpattu,CGL
Chennai Beach,MSB
Chennai Egmore,MS
Chennai Fort,MSF
Chennai Park,MPK
Cheriyanad,CYN
Cherthala,SRTL
Chetar,CTQ
Chetput,MSC
Chettinad,CTND
Chhabra Gugor,CAG
Chhandrauli,CDRL
Chhansara,CASA
Chhapi,CHP
Chhapra,CPR
Chhapra Kacheri,CI
Chharodi,CE
Chhatarpur,MCSC
Chatrapur,CAP
Chhidgaon,CGO
Chhina,CHN
Chhindwara Junction,CWA
Chhipadohar,CPDR
Chhitauni,CTE
Chhota Gudha,COD
Chhoti Odai,COO
Chianki,CNF
Chidambaram,CDM
Chiheru,CEU
Chikballapur,CBP
Chikalthan,CTH
Chikjajur Junction,JRU
Chikni Road,CKNI
Chikodi Road,CKR
Chilbila Junction,CIL
Chilka,CLKA
Chilo,CLO
Chinchli,CNC
Chinchpada,CPD
Chinchwad,CCH
Chinna Ganjam,CJM
Chinna Salem,CHSM
Chintamani,CMY
Chipurupalle,CPP
Chirai,CHII
Chirala,CLX
Chirawa,CRWA
Chirayinkil,CRY
Chirgaon,CGN
Chirmiri,CHRM
Chit Baragaon,CBN
Chitahra,CTHR
Chital,CTL
Chitali,CIT
Chitradurga,CTA
Chitrakuta,CKTD
Chitrasani,CTT
Chitrawad,CTRD
Chitrod,COE
Chitapur,CT
Chittaranjan,CRJ
Chittaurgarh,COR
Chodiala,CDL
Choki Sorath,CKE
Chola,CHL
Cholang,CGH
Chomun Samod,COM
Chondi,CWI
Chopan,CPU
Choral,CRL
Chorvad Road,CVR
Chosla,CSL
Choti Khatu,CTKT
Chuchura,CNS
Chuda,CDA
Chunar,CAR
Churk,CUK
Churu,CUR
Clutterbuckganj,CBJ
Cochin Harbour Terminus,CHTS
Coimbatore Junction,CBE
Coimbatore North Junction,CBF
Colonelganj,CLJ
Contai Road,CNT
Coonoor,ONR
Cuddalore Junction,COT
Cuddalore Port,CUPJ
Cuddapah,HX
Cumbum,CBM
Cuttack,CTC
Chepauk,MCPK
Chinna Babu Samudram,CMSM
Chintadripet,MCP
Chromepet,CMP
C Shahumaharaj T,KOP
"Carmelaram (Sarjapur Road, Bangalore)",CRLM
Chanderiya,CNA
Chittoor,CTO
Churchgate,CCG
Canacona railway station,CNO
Cansaulim railway station,CSM
Caranzol railway station,CRZ
CBD Belapur,BR
Chak Dayala,CKDL
Chak Rakhwal,CRWL
Chandar railway station,CNR
Chandkhira Bagn,CHBN
Chandranathpur,CNE
Changsari,CGS
Chaparmukh Junction,CPK
Chaprakata,CPQ
Chargola,CGX
Charni Road,CYR
Chautara,CROA
Chaygaon,CGON
Chembur,CMBR
Chengannur,CNGR
Chhan Arorian,CHNR
Chhatrapati Shivaji Terminus,CSTM
Chhota Udaipur,CTD
Chikkamagaluru,CMGR
Chinchpokli,CHG
Chiplun,CHI
Chitrapur,CTTP
Chunabhatti,CHF
Cotton Green,CTGN
Currey Road,CRD
Dabhaura,DBR
Dabla,DBLA
Dabli Rathan,DBI
Dabtara,DUB
Dadri,DER
Dagmagpur,DAP
Dahar Ka Balaji,DKBJ
Dahina Zainabad,DZB
Dailwara,DWA
Dakor,DK
Daladi,DL
Dalauda,DLD
Dalelnagar,DLQ
Daliganj,DAL
Dalmau Junction,DMW
Dalmera,DLC
Dalpatpur,DLP
Damnagar,DME
Dandeli,DED
Dandupur,DND
Daniyawan Bzr H,DNWH
Dankaur,DKDE
Danwar,DAR
Dara,DARA
Daraganj,DRGJ
Daryapur,DYP
Dasna,DS
Daurai,DOZ
Daurala,DRLA
Dauram Madhpura,DMH
Dausni,DSNI
Dayalpur,DLPR
Debari,DRB
Degana Junction,DNA
Dekapam,DKPM
Demu,DEMU
Deogan Road,DFR
Deorakot,DELO
Depalsar,DEP
Derol,DRL
Desari,DES
Deshalpar,DSLP
Deswal,DSL
Detroj,DTJ
Devgam,DVGM
Devgarh Madriya,DOHM
Devpura,DPZ
Dewalgaon,DEW
Dhaban,DABN
Dhalaibil,DQL
Dhamni,DNE
Dhamora,DAM
Dhampur,DPR
Dhamua,DMU
Dhana Kherli,DXK
Dhanakwada,DKW
Dhanakya,DNK
Dhanari,DN
Dhanawala Wada,DHVR
Dhandari Kalan,DDL
Dhandhera,DNRA
Dhandhuka,DCK
Dhaneta,DAN
Dhareshwar,DRS
Dharnaoda,DHR
Dhasa Junction,DAS
Dhaura,DUA
Dheena,DHA
Dhekiajili Road,DKJR
Dhilwan,DIW
Dhinda,DHND
Dhindhora HKMKD,DNHK
Dhindsa,DDK
Dhinoj,DHJ
Dhirera,DHRR
Dhirganj,DHRJ
Dhodhar,DOD
Dhodra Mohar,DOH
Dhola Mazra,DHMZ
Dholi,DOL
Dholka,DOK
Dhondi,DNDI
Dhoraji,DJI
Didwana,DIA
Dighwara,DGA
Digod,DXD
Dilawarnagar,DIL
Dimow,DM
Dina Nagar,DNN
Dinagaon,DIQ
Dingwahi,DWI
Dipa,DIPA
Diplana,DPLN
Diyodar,DEOR
Dobh Bahali,DBHL
Dodbele,DBL
Dohrighat,DIT
Doiwala,DWO
Donigal,DOG
Doraha,DOA
Doravart Chtram,DVR
Dubaha,DUBH
Dubia,DBW
Dudhani,DUD
Dudhia Khurd,DYK
Dudhwakhara,DKX
Dudwindi,DDY
Duganpur,DUN
Dullahapur,DLR
Dulrasar,DUS
Dumariya,DY
Dumraon,DURE
Dundlod MKDGRH,DOB
Dungar Junction,DGJ
Duraundha Junction,DDA
Durgauti,DGO
Durgapura,DPA
Duskheda,DSK
Dwarkaganj,DWJ
Dabilpur,DBV
Dahod,DHD
Dakhineswar,DAKE
Dalgaon,DLO
Dalhousie Road,DALR
Dalkhola,DLK
Dalli-Rajhara,DRZ
Dalsingh Sarai,DSS
Daltonganj,DTO
Damanjodi,DMNJ
Damoh,DMO
Danapur,DNR
Dangoaposi,DPS
Dapodi,DAPD
Dappar,DHPR
Darbhanga,DBG
Darritola,DTL
Daryabad,DYD
Datia,DAA
Daulatabad,DLB
Daund Junction,DD
Daundaj,DUD
Dausa,DO
Davanagere,DVG
Dehradun,DDN
Dehri On Sone,DOS
Dehu Road,DEHR
Delhi,DLI
Delhi MG,DE
Delhi Azadpur,DAZ
Delhi Cantonment,DEC
Delhi Kishanganj,DKZ
Sarai Rohilla,DEE
Delhi Safdarjung,DSJ
Shahdara,DSA
Delvada,DVA
Deoband,DBD
Deoghar Junction,DGHR
Deshnok,DSO
Devakottai Road,DKO
Devbaloda Charoda,DBEC
Devlali,DVL
Dewanganj,DWG
Dewas,DWX
Dhalgaon,DLGN
Dhamangaon,DMN
Dhamtari,DTR
Dhanbad Junction,DHN
Dhanera,DQN
Dhangadra,DNG
Dhanmandal,DNM
Dharangaon,DXG
Dhari Junction,DARI
Dhariwal,DHW
Dharmabad,DAB
Dharmanagar,DMR
Dharmavaram Junction,DMM
Dharmpur Himachal,DMP
Dhemaji,DMC
Dhenkanal,DNKL
Dhirpur,DPP
Dhoda Khedi,DHKR
Dhola Junction,DLJ
Dhrangadhra Junction,DHG
Dhule,DHI
Dhulkot,DKT
Dhuri Junction,DUI
Dibai,DIB
Dibrugarh Town,DBRT
Dichpalli,DHP
Digboi,DBY
Dildarnagar Junction,DLN
Dimapur,DMV
Dindigul Junction,DG
Diphu,DPU
Dipori,DIP
Deesa,DISA
Divine Nagar,DINR
Diwana,DWNA
Diwankhavati,DWV
Doddaballapur,DBU
Donakonda,DKD
Dondaicha,DDE
Dongargaon,DGN
Dongargarh,DGG
Dornakal Junction,DKJ
Dronachalam Junction,DNC
Dronagiri,DRG
Duddhinagar,DXN
Dudia,DUK
Dugdol,DGQ
Duggirala,DIG
Duhai,DXH
Duliajan,DJG
Dumka,DMKA
Dundara,DOR
Durg,DURG
Durgapur,DGR
Duttapukur,DTK
Duvvada,DVD
Dwarka,DWK
Dabhoi Junction,DB
Dabra,DBA
Dadar (Western Railway),DDR
Dadar (Central Railway),DR
Dahanu Road,DRD
Dahisar,DIC
Dakaniya Talav,DKNT
Dasuya,DZA
Dativali,DTV
Debipur,DBP
Deoria Sadar,DEOS
Diamond Harbour,DH
Diva Junction,DIV
Dockyard Road,DKRD
Dolavli,DLV
Dombivli,DI
Domingarh,DMG
Dum Dum,DDJ
Dum Dum Cantonment,DDC
Dumuriput,DMRT
Dabolim railway station,DBM
Dagaon,DGX
Damchara,DCA
Dangtal,DTX
Dankuni,DKAE
Daotuhaja,DJA
Darjeeling,DJ
Daudpur,DDP
Dhalpukhuri,DHRY
Dharamtul,DML
Dharmapuri,DPJ
Dharodi,DHY
Dharwad,DWR
Dholpur,DHO
Dhing,DIU
Dhing Bazar,DBZ
Dhubri,DBB
Dhulghat,DGT
Dhup Dhara,DPRA
Dhupguri,DQG
Dibrugarh,DBRG
Digaru,DGU
Digha,DGHA
Dihakho,DKE
Ditokcherra,DTC
Dudhnoi,DDNI
Dudh Sagar railway station,DDS
Dudh Sagar Water Falls railway station,DWF
Dullabcherra,DLCR
Dungarpur,DNRP
Errupalem,YP
Ekambara kuppam,EKM
Ekangarsarai,EKR
Ekchari,EKC
Ekma,EM
Ekma,EKMA
Elamanur,EL
Elavur,ELR
Yelamanchili,YLM
Ellenabad,ENB
Eluru,EE
Ennore,ENR
Eraligu,ELL
Eraniel,ERL
Eravipuram,IRP
Ernakulam Junction,ERS
Ernakulam Town,ERN
Ernakulam Terminus,ERG
Erode Junction,ED
Etah,ETAH
Etawah,ETW
Ettimadai(Coimbatore),ETMD
Etmadpur,ETUE
Etakkot,ETK
Faizabad Junction,FD
Faizullapur,FYZ
Fakhrabad,FKB
Fakiragram Junction,FKM
Falakata,FLK
Falna,FA
Farah Town[,FHT
Farhedi,FRD
Faridabad,FDB
Faridabad New Town,FDN
Faridkot,FDK
Farrukhabad,FBD
Fateh Singhpura,FSP
Fatehabad Chandrawatiganj Junction,FTD
Fatehgarh,FGR
Fatehgarh Sahib,FGSB
Fatehnagar,FAN
Fatehpur,FTP
Fatehpur Sikri,FTS
Fatehpur Shekhawati,FPS
Fatuha,FUT
Fazalpur,FZL
Fazilka,FKA
Ferok,FK
Firozabad,FZD
Firozpur Cantonment,FZR
Firozpur City,FZP
Forbesganj,FBG
Furkating Junction,FKG
Fursatganj,FTG
Gaipura,GAE
Galan,GAA
Gambhiri Road,GRF
Ganj Dundwara,GWA
Ganeshganj,GAJ
Gangaganj,GANG
Ganjmuradabad,GJMB
Garhi Manikpur,GRMR
Gaura,GRX
Gauri Bazar,GB
Gauriyamau,GMU
Gaushala,GWS
Gerita Kolvada,GTKD
Ghanauli,GANL
Ghaso,GSO
Ghataka Varana,GKB
Ghatampur,GTM
Ghosipura,GOPA
Ghosunda,GSD
Ghughuli,GH
Ghutai,GTI
Giddarbaha,GDB
Gidhaur,GHR
Girwar,GW
Godha,GDHA
Gogameri,GAMI
Gogamukh,GOM
Gohad Road,GOA
Golanthra,GTA
Gole,GOLE
Golsar,GOZ
Goneana,GNA
Gop Jam,GOP
Gopalpur,GPPR
Gora Ghuma,GGM
Goram Ghat,GGO
Goraul,GRL
Goraya,GRY
Goresuar,GVR
Goriyan,GIO
Gotan,GOTN
Gotegaon,GON
Gothaj,GTE
Govindgarh,GVG
Govindgarh Malk,GND
Govindnagar,GOVR
Gudha,GA
Gubbi,GBB
Gujhandi,GJD
Gulabhganj,GLG
Gulabpura,GBP
Gulaothi,GLH
Gularbhoj,GUB
Guledagudda Road,GED
Guler,GULR
Guma,GUMA
Gumia,GMIA
Gumman,GMM
Gumthal,GTF
Gundardehi,GDZ
Guneru Bamori,GVB
Guraru,GRRU
Gurhi,GUX
Guriya,GRI
Gurmura,GMX
Gurpa,GAP
Gursahaiganj,GHJ
Gursar Shnewala,GSW
Gahmar,GMR
Gainjahwa,GAW
Gainsari Junction,GIR
Gajraula Junction,GJL
Gannaur,GNU
Gangakher,GNH
Gangsar Jaitu,GJUT
Gannavaram,GWM
Garhmuktesar,GMS
Garhmuktesar BR,GGB
Garot,GOH
Gauri Phanta,GPF
Gauribidanur,GBD
Gauriganj,GNG
Gharaunda,GRA
Ghatsila,GTS
Ghugus,GGS
Gidarpindi,GOD
Giddalur,GID
Gohana,GHNA
Goverdhan,GDO
Govindi Marwar,GVMR
Guindy,GDY
Gudiyattam,GYM
Guldhar,GUH
Gummidipundi,GPD
Guptipara,GPA
Gurap,GRAE
Gurla,GQL
Ghatkopar railway station,GC
Gadwal,GWD
Gangrar,GGR
Garia,GIA
Ghorasahan,GRH
Gachhipura,GCH
Gardhrubeswar,GRB
Gadag Junction,GDG
Gadarwara,GAR
Gadhakda,GKD
Gadra Road,GDD
Ganagapur Road,GUR
Gandhi Smarak Road,GUR
Gandhidham Junction,GUR
Gandhigram,GG
Gandhinagar Jaipur,GADJ
Gandhinagar Capital,GNC
Gangapur City,GGC
Gangarampur,GRMP
Ganj Basoda,BAQ
Garhi Harsaru Junction,GHH
Garna Sahib,GNS
Garhwa,GHQ
Garwa Road Junction,GHD
Gauripur,GUP
Gautampura Road,GHD
Gaya Junction,GAYA
Geratpur,GER
Gevra Road,GAD
Gevrai,GOI
Ghaggar,GHG
Ghagwal,GHGL
Ghansoli,GNSL
Ghatkopar,GC
Ghaziabad Junction,GZB
Ghazipur City,GCT
Ghograpur,GOE
Gholvad,GVD
Ghoradongri,GDYA
Ghorawadi,GRWD
Ghorpuri,GPR
Ghorpuri West,GPRW
Gir Gadhara,GEG
Gir Hadmatiya,GRHM
Giridih,GRD
Goalpara Town,GLPT
Godhra Junction,GDA
Gohpur,GPZ
Gokak Road,GKK
Gokarna Road,GOK
Gola Gokarannath,GK
Golakganj Junction,GKJ
Gomti Nagar,GTNR
Gonda Junction,GD
Gonda Kachahri,GDK
Gonda MG,GNAN
Gondal,GDL
Gondia Junction,G
Gondumri,GMI
Gooty Junction,GY
Gopalganj,GOPG
Gorakhpur Cantonment,GKC
Gorakhpur Junction,GKP
Goregaon,GMN
Goregaon Road Halt,GNO
Goshainganj,GGJ
Gossaigaon Hat,GOGH
Govandi,GV
Govindpuri,GOY
Grant Road,GTR
Greenways Road,GWYR
Gudivada Junction,GDV
Gudur Junction,GDR
Guduvancheri,GI
Gulbarga,GR
Gulzarbagh,GZH
Guna Junction,GUNA
Guntakal Junction,GTL
Guntur Junction,GNT
Gurdaspur,GSP
Gurgaon,GGN
Gauravpur,GUV
Guru Tegh Bahadur Nagar,GTBN
Guwahati,GHY
Gwalior Junction,GWL
Gyanpur Road,GGN
Habaipur,HWX
Habibganj,HBJ
Habibwala,HBW
Habra,HB
Hadapsar,HDP
Hadmadiya,HRM
Hadmatiya Junction,HM
Hafizpur,HZR
Haflong Hill,HFG
Haiaghat,HYT
Haibargaon,HBN
Haidergarh,HGH
Hailakandi,HKD
Hajipur Junction,HJP
Hakimpur,HKP
Haldaur,HLDR
Haldi Road,HLDD
Haldia,HLZ
Haldibari,HDB
Haldwani,HDW
Halisahar,HLR
Halvad,HVD
Hamira,HMR
Hamirgarh,HMG
Hamirpur Road,HAR
Hamre,HME
Hanakere,HNK
Handia Khas,HDK
Hansi,HNS
Hansiawas,HSWS
Hanumangarh Junction,HMH
Hanumangarh Town,HMO
Hanwant,HWT
Hapa,HAPA
Hapa Road,HPRD
Hapur Junction,HPU
Harangajao,HJO
Harangul,HGL
Haranya Kheri,HKH
Harauni,HRN
Harwada,HAA
Harchandpur,HCP
Harda,HD
Hardoi,HRI
Harduaganj,HGJ
Haridwar,HW
Harihar,HRR
Harinagar,HIR
Haripad,HAD
Haripur,HP
Haripur Gram,HPGM
Harischandrapur,HCR
Harishanker Road,HSK
Harisinga,HRSN
Harkia Khal,HKL
Harmuti,HMY
Harnaut,HRT
Harpalganj,HRPG
Harpalpur,HPP
Harrawala,HRW
Harsauli,HSI
Harthala,HRH
Harwada,HAA
Hasimara,HSA
Hassan Junction,HAS
Hasanparthi Road,HSP
Hathbandh,HN
Hathidah Junction,HTZ
Hathigadh,HTGR
Hathras City,HTC
Hathras Junction,HRS
Hathras Road,HTJ
Hathras Qilla,HRF
Hatia,HTE
Hatikhali,HTE
Hatkanagale,HTK
Hatundi,HTD
Haveri,HVR
Hazaribagh Road,HZD
Hazrat Nizamuddin,NZM
Hejjala,HZD
Helak,HK
Helem,HML
Hempur,HMP
Hendegir,HNDR
Hilara,HLX
Hiller Shahabad,HRSB
Hilsa,HIL
Himayatnagar,HEM
Himmatnagar Junction,HMT
Hindaun City,HAN
Hind Motor,HMZ
Hindu College,HC
Hindumalkote,HMK
Hindupur,HUP
Hinganghat,HGT
Hingoli Deccan,HNL
Hira Nagar,HRNR
Hirakud,HKG
Hirapur,HNL
Hirdagarh,HRG
Hirnoda,HDA
Hisar,HSR
Hisvahal,HSL
Hodal,HDL
Hojai,HJI
Hol,HOL
Holambi Kalan,HUK
Hole Alur,HLAR
Honnavar,HNA
Hooghly,HGY
Hooghly Ghat,HYG
Homnabad,HMBD
Hosdurga Road,HSD
Hoshangabad,HBD
Hoshiarpur,HSX
Hosapete Junction,HPT
Hosur,HSRA
Hotgi Junction,HG
Howbagh Jabalpur,HBG
Hugrajuli,HJLI
Husainpur,HSQ
Hyderabad Deccan,HYB
Harsud,HRD
Howrah Junction,HWH
Hubli Junction,UBL
Jabli,JBL
Jabri,JBX
Jadar,JADR
Jagadishpur,JGD
Jagatbela,JTB
Jagdevwala,JDL
Jagesharganj,JGJ
Jahanikhera,JKH
Jaithari,JTI
Jaitipur,JTU
Jaitwar,JTW
Jajiwal,JWL
Jakhalaun,JLN
Jakhaura,JHA
Jakhim,JHN
Jakhvada,JKA
Jaksi,JKS
Jalalganj,JLL
Jalalpur Dhai,JPD
Jalila Road,JIL
Jaliya Devani,JALD
Jalsu,JAC
Jalsu Nanak,JACN
Jam Wanthali,WTJ
Jambara,JMV
Jambur,JBB
Jamsar,JMS
Jamwala,JVL
Jandiala,JNL
Janiyana,JNE
Jankampet Junction,JKM
Jaora,JAO
Japla,JPL
Jarandeshwar,JSV
Jargaon,JRJ
Jaruda Naraa,JDW
Jarwal Road,JLD
Jasali,JSI
Jasra,JSR
Jaswantgarh,JSH
Jaswantnagar railway station,JGR
Jath Road,JTRD
Jaulka,JUK
Javale,JVA
Jawai Bandh,JWB
Jayasingpur,JSP
Jejuri,JJR
Jeonathpur,JEP
Jetalvad,JTV
Jhagadiya Junction,JGI
Jharokhas,JRQ
Jharwasaa,JWS
Jhingura,JHG
Jhunpa,JUP
Jigna,JIA
Jira Road,JIR
Jiradei,ZRD
Jiron,JRO
Jogi Magra,JOM
Jogidih,JGF
Jogiwala,JGW
Jone Karrang,JYK
Jotana,JTN
Jukehi,JKE
Jung Bahadurganj,JBG
Junichavand,JCN
Junnor Deo,JNO
Jwalapur,JWP
Jadcherla,JCL
Jagadhri,JUD
Jagadhri Workshop,JUDW
Jagaddal,JDL
Jessore Road,JSOR
Jagnath Road Halt,JNX
Jagraon,JGN
Jais,JAIS
Jajpur Kheonjhar Road,JJKR
Jakhal Junction,JHL
Jakhania,JKN
Jalamb Junction,JM
Jalandhar Cantonment,JRC
Jalesar Road,JLS
Jalna,J
Jalor,JOR
Jalpaiguri Road,JPE
Jam Jodhpur Junction,JDH
Jammalamadugu,JMDG
Jammikunta,JMKT
Jamnagar,JAM
Jari,JARI
Jasia,JSA
Jataula Samphka,JSKA
Jatusana,JTS
Jawad Road,JWO
Jawali,JAL
Jaynagar,JYG
Jehanabad,JHD
Jenal,JNZ
Jetalsar Junction,JLR
Jetpur,JTP
Jeur,JEUR
Jagannath Temple Gate,JGE
Jhadupudi,JPI
Jhalawar Road,JHW
Jhalida,JAA
Jhanjharpur,JJP
Jhargram,JGM
Jharia,JRI
Jharsuguda Junction,JSG
Jhunjhunu,JJN
Jind Junction,JIND
Jiyapuram,JPM
Jodhpur Junction,JU
Jogbani,JBN
Joginder Nagar railway station,JDNX
Jolarpettai Junction,JTJ
Jorhat,JT
Jorhat Town,JTTN
Julana,JNA
Junagadh C B,JNDC
Jutogh,JTO
Jadavpur,JDP
Jagdalpur,JDB
Jaisalmer,JSM
Jalandhar City,JUC
Jaleswar,JER
Jalgaon Junction,JL
Jalpaiguri,JPG
Jamalpur Junction,JMP
Jamtara,JMT
Jamui,JMU
Janakpur Road,JNR
Janghai Junction,JNH
Jangipur Road,JRLE
Jasidih Junction,JSME
Jawalamukhi Road,JMKR
Jhajha,JAJ
Jhansi Junction,JHS
Jogeshwari,JOS
Joravaragar,JVN
Joychandi Pahar railway station,JOC
Juchandra,JCNR
Juinagar,JNJ
Jabalpur,JBP
Jagi road,JID
Jaipur,JP
Jakhalabandha,JKB
Jamira,JMRA
Jammu Tawi,JAT
Jamunamukh,JMK
Jangaon,ZN
Jatinga,JTG
Jaunpur City railway station,JOP
Jaunpur Junction,JNU
Jaynagar Majilpur,JNM
Jhinjhak,JJK
Jiribam,JRBM
Jirighat,JIGT
Jogighopa,JPZ
Jugijan,JGJN
Junagadh Junction,JND
Juriagaon,JRX
Juinagar,JNJ
Jung Bahadurganj,JBG
Ib,IB
Ichhapur,IP
Ichapuram,IGP
Ichauli,ICL
Idar,IDAR
Idgah Agra Junction,IDH
Igatpuri,IGP
Ikkar,IKK
Iklehra,IKR
Inchhapuri,IHP
Indalvai,IDL
Indapur,INP
Indara Junction,IAA
Indargarh,IDG
Indira Nagar,IMR
Indore Junction (BG),INDB
Indore Junction (MG),INDM
Innanje,INJ
Intekanne,INK
Intiyathok,ITE
Itehar,AAH
Iqbal Gadh,IQG
Iqbalpur,IQB
Irinjalakuda,IJK
Irugur,IGU
Isarda,ISA
Islampur,IPR
Ismaila Haryana,ISM
Itarsi Junction,ET
Itola,ITA
Itwari,ITR
Izzatnagar,IZN
Kachhwa Road,KWH
Kadalundi,KN
Kadambur,KDU
Kadaynallur,KDNL
Kadiri,KRY
Kakinada Port,COA
Kakinada Town,CCT
Kankinara,KNR
Kalanaur kalan,KLNK
Kalianpur,KAP
Kanchrapara,KPA
Kalyani,KLY
Kalinarayanpur Junction,KLNP
Kalol Junction,KLL
Kamareddi,KMC
Kamshet,KMST
Kanchipuram,CJ
Kanchipuram East,CJE
Kangra,KGRA
Kanhangad,KZE
Kanina Khas,KNNK
Kaniyapuram,KXP
Kanjiramittam,KPTM
Kankanadi,KNKD
Kannauj,KJN
Kanpur Anwarganj,CPA
Kanpur Rooma,RMX
Kanpur SMU CBSA CPSM,CPSM
Kanpur Bridge Left Bank,CPB
Kanyakumari,CAPE
Kapurthala,KXH
Karaikkudi Junction,KKDI
Karanja,KRJA
Karur Junction,KRR
Kasaragod,KGQ
Kashi,KEI
Kasturba Nagar,KTBR
Katihar,KIR
Katni,KTE
Katol,KATL
"Katpadi Junction, Vellore",KPD
Katra,KEA
Kattankulathur,CTM
Kavali,KVZ
Kavaraipettai,KVP
Kayamkulam,KYJ
Kayalpattinam,KZY
Kazhakoottam TechnoPark Trivandrum,KZK
Kazipet Junction,KZJ
Khadki,KK
Khairthal,KRH
Khajuraho,KURJ
Khalilpur,KIP
Khambhaliya,KMBL
Khamgaon,KMN
Khamkhed,KMN
Khana Junction,kan
Khandala,KAD
Khandwa,KNW
Khanna,KNN
Khatauli,KAT
Khatu,KHTU
Khed,KHED
Khurai,KYE
Kinwat,KNVT
Kirloskarwadi,KOV
Kirnahar,KNHR
Kilikolloor,KLQ
Kiul Junction,KIUL
Kochuveli (Trivandrum /Thiruvananthapuram),KCVL
Kodaikanal road,KQN
Kodambakkam,MKK
Koderma,KQR
Kodumudi,KMD
Koduru,KOU
Kolar,KQZ
Kollidam,CLN
Kolhapur,KOP
Kolkata railway station,KOAA
Konnagar,KOG
Koratti Angadi,KRAN
Korba,KRBA
Kosi Kalan,KSV
Kosli,KSI
Kotdwar,KTW
Kota Junction,KOTA
Kotli Kalan,KTKL
Kotshila Junction,KSX
Kottapalli,KYOP
Kottavalasa,KTV
Kottayam,KTYM
Kottarakkara,KTR
Kotturu,KTY
Kovilpatti,CVP
Koyilandy,QLD
Kozhikode,CLT
Krishna,KSN
Krishna Canal,KCC
Krishnarajapuram,KJM
Kuchaman City,KMNC
Kulitalai,KLT
Kulpahar,KLAR
Kulti,ULT
Kumgaon Burti,KJL
Kumbakonam,KMU
Kundapura,KUDA
Kuppam,KPN
Kuram,KUM
Kuri,KFI
Kurichedu,KCD
Kurduvadi,KWV
Kurnool Town,KRNT
Kurukshetra Junction,KKDE
Kuttippuram,KTU
Khurda Road,KUR
Kursela,KUE
Kampil Road,KXF
Kondapalli,KI
Kalka,KLK
Kalyan Junction,KYN
Kondapalli railway station,KI
Kalyanadurg,KYND
Kanchausi,kan
Kanpur Central,CNB
Kanpur Govindpuri railway station,GOY
Kanpur Panki,PNK
Karaikal,KIK
Karjat,S
Karunagappalli,KPY
Kesinga,KSNG
Kesamudram,KDM
Khammam,KMT
Khopoli,KP
Kishanganj,KNE
Kollam Junction,QLN
Koraput Junction,KRPU
Kotkapura Junction,KKP
Kotma,KTMA
Kotikulam,KQK
Kottupuram,KTPM
Kulukkallur,KZC
Kumta,KT
Kurla,CLA
Kacheguda,KCG
Kadur Junction,DRU
Kaithal,KLE
Kaithalkuchi,KTCH
Kakapor,KAPE
Kalachand,KQI
Kalamboli,KLMC
Kalem railway station,KM
Kalkalighat,KKGT
Kalwa,KLVA
Kalwan,KLWN
Kaman Road,KARD
Kamakhya Junction,KYQ
Kampur,KWM
Kamrup Khetri,KKET
Kanaibazar,KNBR
Kanakpura,KKU
Kandivli,KILE
Kanjurmarg,KJMG
Kannur,CAN
Karad,KRD
Karchha,KDHA
Karimganj Junction,KXJ
Karimnagar,KRMR
Karmali,KRMI
Karnal,KUN
Karwar,KAWR
Kasara,N
Kashipur Junction,KPV
Katakhal Junction,KTX
Kathgodam,KGM
Kathivakkam,KAVM
Kathua,KTHU
Katlicherra,KLCR
Kayasthagram,KTGM
Kelavli,
Kelve Road,KLV
Kempegowda International Airport Bengaluru,KIA
Kendukana,KDKN
Kengeri,KGI
Kerakat railway station,KCT
Kevadia,KDCY
Khadavli,KDV
Khandeshwar,
Kharagpur Junction,KGP
Kharbao,
Khardi,KE
Kharghar,
Kharkopar,
Khar Road,KHAR
Khera Kalan,KHKN
Kirakat railway station,KCT
King's Circle,KCE
Kodinar,KODR
Kokrajhar,KOJ
Kolad,KOL
Kopar,
Kopargaon,KPG
Kopar Khairane,KPHN
Koratla railway station,KRLA
Korattur,KOTR
Koregaon,KRG
Korukkupet,KOK
Kosamba,KSB
Krishnai,KRNI
Kudal,KUDL
Kudchade railway station,SVM
Kulem railway station,QLM
Kumrabad Rohini,KBQ
Laban,LBN
Labha,LAV
Labhpur,LAB
Lachhipura,LAC
Lachhmangarh SK,LNH
Lachhmanpur,LMN
Lachyan,LHN
Ladhowal,LDW
Ladnun,LAU
Laheria Sarai,LSI
Lahli,LHLL
Laimekuri,LMY
Lakadiya,LKZ
Lakheri,LKE
Lakhminia,LKN
Lakhnauria,LNQ
Lakhtar,LTR
Lakkidi,LDY
Lakshmibai Nagar,LMNR
Lal Kuan,LKU
Lalapet,LP
Lalganj,LLJ
Lalgopalganj,LGO
Lalgudi,LLI
Lalitpur,LAR
Lalpur,LLR
Lalpur Chandra,LCN
Lalpur Jam,LPJ
Lalpur Umri,LRU
Lalru,LLU
Lamana,LNA
Lambhua,LBA
Lambiya,LMA
Landaura,LDR
Lar Road,LRD
Lasalgaon,LS
Lasur,LSR
Lathi,LAT
Laukaha Bazar,LKQ
Laul,LAUL
Lawa Sardargarh,LSG
Ledarmer,LDM
Lehra Gaga,LHA
Lidhora Khurd,LDA
Liliya Mota,LMO
Limbdi,LM
Limkheda,LMK
Linch,LCH
Lingampalli,LPI
Liluah,LLH
Lodipur Bishnpr,LDP
Loha,LOHA
Loharu,LHU
Loharwara,LHW
Lohian Khas Junction,LNK
Lohna Road,LNO
Lohogad,LHD
Loisingha,LSX
Lonand,LNN
Lonavala,LNL
Londa Junction,LD
Loni,LONI
Lorwada,LW
Luckeesarai Junction,LKR
Lucknow Junction,LJN
Lucknow,LKO
Lucknow City,LC
Ludhiana Junction,LDH
Lunavada,LNV
Luni Junction,LUNI
Luni Richha,LNR
Lunidhar,LDU
Lunkaransar,LKS
Lusa,LUSA
Lusadiya,LSD
Lushala,LAL
Lakhimpur,LMP
Lokmanya Tilak Terminus,LTT
Lower Parel,PL
Lowjee,LWJ
Laksar Junction,LRJ
Loliem railway station,LOL
Lalgola,LGL
,Station code
Lalabazar,LLBR
Lalgarh Junction,LGH
Lalkuan Junction,LKU
Lamsakhang,LKG
Langting,LGT
Lanka,LKA
Laopani,LPN
Latehar,LTHR
Latur,LUR
Latur Road Junction,LTRR
Light House,MLHS
Lower Haflong,LFG
Lumding Junction,LMG
Macharya,MCV
Madanpur,MDR
Madhabpur,MDBP
Madhapar,MDHP
Madhapur Road,MADP
Madhi,MID
Madhorajpur,MQH
Madhosingh,MBS
Madure,MADR
Maghar,MHH
Mahadanapuram,MMH
Mahadevpara,MHDP
Mahajan,MHJ
Mahalam,MFM
Mahamandir,MMC
Mahansar,MWR
Maheji,MYJ
Mahes Khunt,MSK
Maheshmunda,MMD
Mahidpur Road,MEP
Mahisgaon,MGO
Mahmudpur SRYN,MZN
Maholi,MAHO
Mahpur,MHO
Mahuamilan,MMLN
Mahuariya,MXY
Mahugarha,MUGA
Maikalganj,MINJ
Majbat,MJBT
Majhola Pakarya,MJZ
Makrera,MKRA
Malarna,MLZ
Malethu Kanak,MEQ
Malhargarh,MLG
Malhour,ML
Malihabad,MLD
Malipur,MLPR
Maliya Hatina,MLHA
Malkisar,MLC
Mallanwala Khas,MWX
Malleswaram,MWM
Malliyam,MY
Malout,MOT
Malpura,MLA
Malsailu,MLSU
Malsian Shahkht,MQS
Malugur,MLU
Maman,MOM
Manaksar,MNSR
Mananpur,MNP
Manavadar,MVR
Manda Road,MNF
Mandagere,MGF
Mandal,MDL
Mandalgarh,MLGH
Mandapam Camp,MC
Mandi Dhanaura,MNDR
Mandrak,MXK
Mangra,MAZ
Manheru,MHU
Manigachi,MGI
Manjeshwar,MJS
Mankar,MNAE
Mankarai,MNY
Mankatha,MKB
Manki,MANK
Mannanur,MNUR
Manoharganj,MNJ
Manoharpur,MOU
Mansurpur,MSP
Manzurgarhi,MZGI
Marahra,MH
Maramjhiri,MJY
Marauda,MXA
Mariahu,MAY
Marikuppam,MKM
Markundi,MKD
Marsul,MRV
Marthipalayam,MPLM
Masit,MST
Maskanwa,MSW
Masodha,MSOD
Masrakh,MHC
Masur,MSR
Matana Buzurg,MABG
Mataundh,MTH
Matlabpur,MTB
Matmari,MTU
Mattancheri Halt,MTNC
Maval,MAA
Mehnar Road,MNO
Mehsi,MAI
Meja Road,MJA
Melmaruvattur,MLMR
Melusar,MELH
Memari,MYM
Meralgram,MQX
Mihinpurwa,MIN
Mihrawan,MIH
Milak,MIL
Miranpur Katra,MK
Mirchadhori,MCQ
Mirhakur,MIQ
Mirzapali,MZL
Misamari,MSMI
Misrauli,MFL
Mitha,MITA
Mithapur,MTHP
Modelgram,MG
Modnimb,MLB
Modpur,MDPR
Modran,MON
Mohammadkhera,MQE
Mohiuddinnagar,MOG
Mohol,MO
Mokholi,MXL
Monabari,MFC
Mondh,MOF
Morak,MKX
Mordar,MRDD
Mori Bera,MOI
Morthala,MXO
Mota Jadra,MQZ
Mothala,MTIA
Mothala Halt,MTHH
Motichur,MOTC
Motipur,MTR
Motipura Chauki,MTPC
Muddanuru,MOO
Muftiganj,MFJ
Muhammadabad,MMA
Muirpur Road,MPF
Mukhtiar Balwar,MKT
Mukundarayapuram,MCN
Muli Road,MOL
Mulki,MULK
Mulanur,
Mundalaram,MDLM
Mundha Pande,MPH
Mundhewadi,MVE
Mungaoli,MNV
Munirabad,MRB
Murdeshwar,MDRW
Murdeshwar,MRDW
Murliganj,MRIJ
Murshadpur,MSDR
Mustafabad,MFB
Muttarasanallur,MTNL
Mutupet,MTT
Muzzampur Narayan,MZM
Machavaram,AMIN
Machavaram,MCVM
Macherla,MCLA
Madan Mahal,MML
Madanapalle Rd,MPL
Madathukulam,MDKM
Maddur,MAD
Madhavnagar,MDVR
Madukarai(Coimbatore),MDKI
Mithlanchal Deep,Madhubani
Madha,MA
Madhira,MDR
Madhopur Punjab,MDPB
Madhubani,MBI
Madhupur Junction,MDP
Madurai Junction,MDU
Madurantakam,MMK
Mahasamund,MSMD
Mahbubabad,MABD
Mahbubnagar,MBNR
Mahe,MAHE
Mahesana Junction,MSH
Mahmudabad Avdh,MMB
Mahoba,MBA
Mahuda Junction,MHQ
Mahuva Junction,MHV
Maihar,MYR
Mailani Junction,MLN
Mainpuri,MNQ
Majhagawan,MJG
Makhu,MXH
Makrana Junction,MKN
Makronia,MKRN
Maksi,MKC
Malerkotla,MET
Maliya Miyana,MALB
Malkapur,MKU
Malkhaid Road,MQR
Malur,MLO
Malwan,MWH
Malwara,MBW
Manamadurai Junction,MNM
Manaparai,MPA
Manauri railway station,MRE
Mancherial,MCI
Mancheswar,MCS
Mandapam,MMM
Mandar Hill,MDLE
Mandasa Road,MMS
Mandasor,MDS
"Mandhana Junction, Kanpur",MDA
Mandi Adampur,ADR
Mandi Bamora,MABA
Mandi Dabwali,MBY
Mandi Dip,MDDP
Mandla Fort,MFR
Mandor,MDB
Manduadih,MUV
Mandya,MYA
Mangliya Gaon,MGG
Mangolpuri,MGLP
Manikpur Junction,MKP
Maninagar,MAN
Vanchi Maniyachchi Junction,MEJ
Mankapur Junction,MUR
Manmad Junction,MMR
Mansa,MSZ
Mansi Junction,MNE
Manthralayam Road,MALM
Manuguru,MUGR
Manwath Road,MVO
Markapur Road,MRK
Maroli,MRL
Marwar Bagra,MBGA
Marwar Balia,MBSK
Marwar Bhinmal,MBNL
Marwar Birthi,MBT
Marwar Chapri,MCPE
Marwar Junction,MJ
Marwar Kori,KOF
Marwar Lohwat,MWT
Marwar Mathanya,MMY
Marwar Ratanpur,MSQ
Mathura Cantonment,MRT
Mathura Junction,MTJ
Mau Aimma,MEM
Mau Junction,MAU
Mau Ranipur,MRPR
Maur,MAUR
Mavelikara,MVLK
Mavli Junction,MVJ
Mayanoor,MYU
Mayiladuturai Junction,MV
Mayyanad,MYY
McCluskieganj,MGME
Mecheda,MCA
Medchal,MED
Meerut Cantonment,MUT
Meerut City,MTC
Meghnagar,MGN
Mendipathar,MNDP
Merta City,MEC
Merta Road Junction,MTD
Mettur,MTE
Metupalaiyam,MTP
Mettur Dam,MTDM
Mhasavad,MWD
Mahemdavad Kheda Road,MHD
Mhow,MHOW
Midnapore,MDN
Mirthal,MRTL
Miryalaguda,MRGA
Mirzapur,MZP
Miyagam Karjan,MYG
Miyana,MYN
Miyona ka Bara,MNKB
Modinagar,MDNR
Moga,MOGA
Mohanlalganj,MLJ
Mohiuddinpur,MUZ
Mohri,MOY
Mokalsar,MKSR
Mokama Junction,MKA
Munger,MGR
Moradabad,MB
Morappur,MAP
Morbi,MVI
Morena,MRA
Morinda,MRND
Moth,MOTH
Bapudham Motihari,BMKI
Moula-Ali,MOU
Mudkhed Junction,MUE
Mughal Sarai Junction,MGS
Mukerian,MEX
Muktsar,MKS
Mullanpur,MLX
Multai,MTY
Munabao,MBF
Muniguda,MNGD
Munroturuttu,MQO
Muradnagar,MUD
Muri,MURI
Murkeongselek,MZS
Murshidabad,MBB
Murtizapur Junction,MZR
Musafir Khana,MFKA
Muzaffarnagar,MOZ
Mysuru Junction,MYS
Mahalaxmi,MX
Mahim,MM
Malad,MDD
Malavli,MVL
Mankhurd,MNKD
Mansarovar,
Marine Lines,MEL
Masjid Bunder,MSD
Matunga,MTN
Matunga Road,MRU
Miraj Junction,MRJ
Mira Road,MIRA
Mulund,MLND
Mumbai Central,BCT
Mumbra,
Machelipatnam,MTM
Madgaon Junction railway station,MAO
Majorda Junction railway station,MJO
Marmagao railway station,MRH
Mahendragarh,MHRG
Manendragarh,M
Mangalagiri,MAG
Mangaliyawas,MLI
Mangaluru Central,MAQ
Mangaluru Junction,MAJN
Mariani Junction,MXN
Maripat,MIU
,Station code
Mahur,MXR
Maibang,MBG
Mailam,MTL
Mailongdisa,MGX
Mairabari,MBO
Mairwa,MW
Majgaon,MZQ
Malda Town,MLDT
Mambalam,MBM
Mandaveli,MDVE
Manderdisa,MYD
Mangaon,MNI
Manipur Bagan,MOAR
Manwal,MNVL
Maraimalai Nagar,MMNK
Mazhama Rajwansher,RWSR
Mazhom,MZMA
Meenambakkam,MN
Migrendisa,MGE
Minjur,MJR
Mirza,MRZA
Mohanpur Junction,MHUR
Monacherra,MNCR
Monglajhora,MONJ
Moore Market Complex (Chennai Central Suburban),MMC
Moterjhar,MTJR
Mundakanniamman Koil,MKMK
Mupa,MUPA
Muzaffarpur Junction,MFP
N J Ramanal,NJM
Nadauj,NDU
Nagal,NGL
Naganahalli,NHY
Nagardevla,NGD
Nagargali,NAG
Nagaria Sadat,NRS
Nagarur,NRR
Naglatula,NGLT
Naharkatiya,NHK
Naikheri,NKI
Najibabad Junction,NBD
Nakodar Junction,NRO
Nalwar,NW
Namburu,NBR
Namli,NLI
Nana,NANA
Nana Bhamodra,NBHM
Nanaksar,NNKR
Nandapur,NDPR
Nandganj,NDJ
Nandgaon Road,NAN
Nandol Dehegam,NHM
Nanpara Junction,NNP
Naojan,NJN
Nar Town,NTN
Naranjipur,NRGR
Narayanpet Road,NRPD
Nardana,NDN
Nari Road,NROD
Nariaoli,NOI
Naroda,NRD
Narwasi,NRWI
Nasirabad,NSD
Nathwana,NTZ
Nauganwan,NGW
Navagadh,NUD
Navalur,NVU
Navlakhi,NLK
Nawagaon,NVG
Nawalgohan,NVLN
Naydongri,NI
Nazirganj,NAZJ
Nellimaria,NML
Nenpur,NEP
Nergundi,NRG
Netawal,NTWL
New Bhuj,NBVJ
New Gitldada Junction,NGTG
Ngrjunanagaramu,NGJN
Nibhapur,NBP
Nigohan,NHN
Nileshwar,NLE
Nimbhora,NB
Ningala Junction,NGA
Nipani Vadgaon,NPW
Niphad,NR
Nira,NIRA
Nirmali,NMA
Nisui,NSU
Nivari,NEW
Nivasar,NIV
Nizampur,NIP
Nizbarganj,NBX
Nizchatia,NCA
Nomoda,NMD
Nonera,NNE
Nosaria,NOA
Nowrozabad,NRZB
Noyal,NOY
Narayanpur Tatwar,NNW
Nua,NUA
Nunkhar,NRA
Nurmahal,NRM
Naya Ghaziabad,GZN
Nabadwip Dham,NDAE
Nabha,NBA
Nadiad Junction,ND
Nadikudi,NDKD
Nagappattinam junction,NGT
Nagar,NGE
Nagar Untari,NUQ
Nagercoil Junction,NCJ
Nagari,NGI
Nagaur,NGO
Nagbhir Junction,NAB
Nagda Junction,NAD
Nagercoil Town,NGK
Nagina,NGG
Nagore,NCR
Nagpur,NGP
Nagrota,NGRT
Naihati Junction,NH
Naini,NYN
Nalanda,NLD
Nalgonda,NLDA
Nalhati,NHT
Naliya,NLY
Naliya Cantonment,NLC
Namkom,NKM
Namrup,NAM
Nandalur,NRE
Hazur Sahib Nanded,NED
Nandesari,NDR
Nandgaon,NGN
Nandura,NN
Nandurbar,NDB
Nandyal Junction,NDL
Nangal Dam,NLDM
Nangloi,NNO
Nanguneri,NNN
Nanjangud Town,NTW
Naraina,NRI
Narasapur,NS
Narasaraopet,NRT
Narayanpur,NNR
Narela,NUR
Narkher,NRKR
Narnaul,NNL
Narsinghpur,NU
Narwana Junction,NRW
Nasik Road,NK
Naugachia,NNA
Naugarh,NUH
Naupada Junction,NWP
Nautanwa,NTV
Navapur,NWU
Nawalgarh,NWH
Naya Azadpur,NDAZ
Naya Nangal,NNGL
Nayadupeta,NYP
Nayagaon,NYO
Nazareth,NZT
Nekonda,NKD
Nellore,NLR
Nepalganj Road,NPR
Nepanagar,NPNR
Netaji Subhas Chandra Bose Junction Gomoh,GMO
New Alipurduar,NOQ
New Bhuj,NBUJ
New Cooch Behar,NCB
New Farakka Junction,NFK
New Guntur,NGNT
New Mal Junction,NMZ
New Maynaguri,NMX
Neyveli,NVL
Nidadavolu Junction,NDD
Nidubrolu,NDO
Nihalgarh,NHH
Nilambur Road,NIL
Nilokheri,NLKR
Nim Ka Thana,NMK
Nimach,NMH
Nimtita,NILE
Nindhar Benar,NDH
Nirakarpur,NKP
Noamundi,NOMD
Nohar,NHR
Norla Road,NRLR
North Lakhimpur,NLP
Nahur,NHU
Naigaon,NIG
Nallasopara,NSP
Napasar,NPS
Nathdwara,NDT
Navde Road,
Nawa City,NAC
Naya Kharadia,NYK
Neral,NRL
Nerul,NU
Nidamangalam Junction,NMJ
Nilaje,
Nimbahera,NBH
Nokha,NOK
Nandikoor,NAND
Namakkal,NMKL
New Garia,NGRI
New Jalpaiguri,NJP
,Station code
Nagaon,NGAN
Naharlagun,NHLN
Naila,NIA
Nainpur Junction,NIR
Nalbari,NLV
Nandiambakkam,NPKM
Naraikkinar,NRK
Narangi,NNGE
Narayanpur Anant,NRPA
Narkatiaganj Junction,NKE
Nathapettai,NTT
Navsari,NVS
Nawadah (Nawada),NWD
Nemilichery,NEC
Nemom,NEM
Neri,NERI
New Bongaigaon Junction,NBQ
New Delhi,NDLS
New Giridih,NGRH
New Misamari,NMM
Neyyattinkara,NYY
Nilambazar,NLBR
Nimar Kheri,NKR
Nizamabad,NZB
Nungambakkam,NBK
,Station code
Okha,OKHA
Delhi Junction,DLI
Old Malda Junction,OMFL
Omkareshwar Road,OMR
Ondagram,ODM
Ongole,OGL
Ontimitta,OMT
Orai,ORAI
Ottapalam,OTP
Oorgaum,OGM
Pabai,PAI
Pabli Khas,PQY
Pachrukhi,PCK
Pachhapur,PCH
Pachor Road,PFR
Pachora Junction,PC
Pachperwa,PPW
Padhegaon,PDGN
Padrauna,POU
Padse,PDP
Padubidri,PDD
Pagara,PGA
Pahara,PRE
Paharpur,PRP
Pajian,PJA
Pakala Junction,PAK
Pakki,PKK
Pakur,PKR
Palachauri,PCLI
Palam,PM
Palampur Himachal railway station,PLMX
Palana,PAE
Palani,PLNI
Palanpur Junction,PNU
Palappuram,PLPM
Palasa,PSA
Palasdari,PDI
Paldhi,PLD
Pahlejaghat Junction,PHLG
Palej,PLJ
Palghar,PLG
Palakkad Junction,PGT
Palakkad Town,PGTN
Palakollu,PKO
Pali Marwar,PMY
Palia,PLA
Palia Kalan,PLK
Palitana,PIT
Pallavaram,PV
Palpara,PXR
Palsana,PLSN
Palsora Makrawa,PSO
Palur,PALR
Palwal,PWL
Pamba Kovil Shandy,PBKS
Pamban Junction,PBM
Pampur,PMPE
Panagarh,PAN
Panch Pipila,PCN
Panch Rukhi,PHRH
Panchtalavda Rd,PCT
Pandavapura,PANP
Pandharpur,PVR
Pandhurna,PAR
Pandoli,PMO
Paneli Moti,PLM
Paniahwa,PNYA
Panipat Junction,PNP
Panitola,PNT
Panjhan,PJN
Panki,PNK
Panruti,PRT
Panskura Junction,PKU
Pantnagar,PBW
Panvel,PNVL
Panzgom,PJGM
Papanasam,PML
Paradgaon,PDG
Paralakhemundi,PLH
Paramakkudi,PMK
Paranur,PWU
Paras,PS
Parasia,PUX
Paravur,PVU
Parbati,PRB
Parbhani Junction,PBN
Pardhande,PHQ
Pardi,PAD
Parel,PR
Parhihara,PIH
Parkham,PRK
Parli,PLL
Parli Vaijnath,PRLI
Parlu,PRU
Parappanangadi,PGI
Parsa Bazar,PRBZ
Parsa Khera,PKRA
Parsabad,PSB
Parsipur,PRF
Parsoda,PSD
Pratapgarh Junction,MBDP
Partapur,PRTP
Partur,PTU
Parvatipuram,PVP
Parvatipuram Town,PVPT
Pasur,PAS
Patal Pani,PTP
Patan,PTN
Patara,PTRE
Patas,PAA
Pataudi Road,PTRD
Pathankot Junction,PTK
Pathankot Cantt,PTKC
Pathardih Junction,PEH
Patharia,PHA
Pathauli,PTLI
Pathri,PRI
Patiala,PTA
Patli,PT
Patna Junction,PNBE
Patna Saheb,PNC
Patranga,PTH
Patratu,PTRU
Patsul,PTZ
Pattabiram,PAB
Pattabiram West,PRWS
Pattabiram East Depot,PRES
Pattambi,PTB
Pattan,PTTN
Pattaravakkam,PVM
Pattukkottai,PKT
Patti,PAX
Pattikkad Halt,PKQ
Pavur Chatram,PCM
Pawapuri Road,PQE
Payagpur,PDR
Payangadi,PAZ
Payyanur,PAY
Payyoli,PYOL
Pazhavanthangal,PZA
Peddapalli,PDPL
Pendra Road,PND
Penganga,PGG
Penukonda,PKD
Perambur,PER
Perambur Carriage Works,PCW
Perambur Loco Works,PEW
Pernem railway station,PERN
Perugamani,PGN
Perungalathur,PRGL
Perungudi,PRGD
Petlad Junction,PTD
Pethanaickenpalayam,PDKM
Pettaivayatalai,PLI
Phagwara Junction,PGW
Phalodi,PLC
Phanda,PUD
Phaphamau Junction,PFM
Phaphund,PHD
Phephna Junction,PEP
Phesar,PES
Phillaur Junction,PHR
Phulad,FLD
Phulera Junction,FL
Phulia,FLU
Phulpur,PLP
Pij,PIJ
Pilamedu,PLMD
Pili Bangan,PGK
Pilibhit Junction railway station,PBE
Piloda,PDZ
Piler,PIL
Pilkhua,PKW
Pimpar Khed,PKE
Pimpri,PMP
Pindra Road,PDRD
Pingleshwar,PLW
Pipalda Road,POR
Pipalsana,PLS
Pipar Road Junction,PPR
Pipariya,PPI
Piparpur,PPU
Piparsand,POF
Piplaj,PPF
Piplee,PLE
Piplia,PIP
Piplod Junction,PPD
Piploda Bagla,PPG
Pipraich,PPC
Pipraigaon,PIA
Piprala,PFL
Pipri Dih,PPH
Pirjhalar,PJH
Pirpainti,PPT
Pirthiganj,PHV
Pirumadara,PRM
Pirwa,PW
Pitambarpur,PMR
Pithapuram,PAP
Plassey,PLY
Podanur Junction,PTJ
Pokhrayan,PHN
Pokran,POK
Pollachi Junction,POY
Polur,PRL
Ponmalai (Golden Rock),GOC
Ponneri,PON
Porbandar,PBR
Potheri,POTI
Potul,POZ
Prabhadevi,EPR
Prachi Road Junction,PCC
Pranpur Road,PQD
Prantij,PRJ
Prantik,PNE
Pratapnagar,PRTN
Prayag Junction,PRG
Prayag Ghat,PYG
Pritam Nagar,PRNG
Proddatur,PRDT
Puducherry,PDY
Puduchattiram,PUC
Pudukkad,PUK
Pugalur,PGR
Pulgaon Junction,PLO
Punalur,PUU
Punarakh,PHK
Pundhag,PNW
Pune Junction,PUNE
Punkunnam(Thrissur),PNQ
Punpun,PPN
Puntamba,PB
Purab Sarai,PBS
Puraini,PNI
Puranpur,PP
Puratchi Thalaivar Dr. M.G. Ramachandran Central Railway Station,MAS
Puri,PURI
Purna Junction,PAU
Purnia Junction,PRNA
Purua Khera,PRKE
Pusad,PUB
Purulia Junction,PRR
Putlur,PTLR
Puttur,PUT
,Station code
Paddhari,PDH
Palayaseevaram,PYV
Panbari,PNB
Pancharatna,PNVT
Panchgram,PNGM
Pandaravadai,PDV
Panikhaiti,PHI
Parangipettai,PO
Parasnath Station,PNME
Patharkandi,PTKD
Patharkhola,PKB
Pathsala,PBL
FpePatiladaha,PTLD
Phakhoagram,PKGM
Phulaguri,PUY
Pudukkottai,PDKT
Puranigudam,PUQ
Purnia Court,PRNC
,Station code
Quarry SDG,QRS
Qazigund,QG
Ragaul,RGU
"Rahimabad, India",RBD
Rahimatpur,RMP
Rahul Road,RRE
Rai Singh Nagar,RSNR
Raibha railway station,RAI
Raila Road,RLR
Raimehatpur,MTPR
Raisi railway station,RSI
Raja Bhat Khawa,RVK
Rajawari,RJI
Rajhura,RHR
Rajiyasar,RJS
Rajlu Garhi,RUG
Rajmane,RM
Rajosi,ROS
Rajur,RAJR
Rakha Mines,RHE
Ram Chaura Road,RMC
Ramganj,RMGJ
Ramkola,RKL
Ramna,RMF
Rampur Dumra,RDUM
Rampura Phul,PUL
Rana Bordi,RNBD
Ranala,RNL
Ranavav,RWO
Rangmahal,RMH
Ranipur Road,RNRD
Ranjani,RNE
Ranoli,RNO
Ranolishishu,RNIS
Ranpur,RUR
Ranuj,RUJ
Rasra,RSR
Rasulabad,RUB
Rasull,RES
Rasuriya,RYS
Ratangaon,RTGN
Ratanpura,RTP
Ratnal,RUT
Rau,RAU
Rauzagaon,RZN
Rawania Dungar,RWJ
Raybag,RBG
Razampeta,RJP
Rechni Road,RECH
Ren,REN
Renwal,RNW
Reoti B Khera,RBK
Rethorakalan,RAKL
Richughutu,RCGT
Ridhore,RID
Risama,RSA
Risia,RS
Rithi,REI
Rora,RORA
Roshanpur,RHN
Rotegaon,RGO
Rowta Bagan,RWTB
Rudrapur Road,RUPR
Rukadi,RKD
Runija,RNJ
Runkhera,RNH
Rupaheli,RPI
Rupamau,RUM
Rupaund,RPD
Rupbas,RBS
Rupnarayanpur,RNPR
Radhanpur,RDHP
Radhikapur,RDP
Rae Bareli Junction,RBL
Rafiganj,RFJ
Raghunathpur,RPR
Rahuri,RRI
Raichur,RC
Raiganj,RGJ
Raigarh,RIG
Raika Bagh,RKB
Raipur Junction,R
Rairakhol,RAIR
Raiwala,RWL
Raj Gangpur,GP
Raj Nandgaon,RJN
Raja Ka Sahaspur,RJK
Rajaldesar,RJR
Rajamundry,RJY
Rajapalayam,RJPM
Rajapur Road,RAJP
Rajendranagar Terminal,RJPB
Rajgarh,RHG
Rajghat Narora,RG
Rajgir,RGD
Rajkharsawan Junction,RKSN
Rajkot Junction,RJT
Rajmahal,RJL
Rajpipla,RAJ
Rajpura Junction,RPJ
Rakhi,RHI
Raman,RMN
Ram Dayalu Nagar,RD
Ramanagaram,RMGM
Ramanathapuram,RMD
Ramdevra,RDRA
Rameswaram,RMM
Ramganga,RGB
Ramganj Mandi,RMA
Ramgarh Cantonment,RMT
Ramgarhwa,RGH
Ramagundam,RDM
Ramnagar,RMR
Rampur,RMU
Rampur Hat,RPH
Ramsan,RXN
Ramsar,RMX
Ramtek,RTK
Ranaghat Junction,RHA
Ranapratapnagar,RPZ
Marwar Ranawas,MRWS
Ranchi Road,RRME
Rangapara North,RPAN
Rani,RANI
Ranibennur,RNR
Raniganj,RNG
Raniwara,RNV
Ranjangaon Rd,RNJD
Ranthambhore,RNT
Ratan Shahr,RSH
Ratangarh Junction,RTGH
Ratangarh West,RXW
Rathdhana,RDDE
Ratlam Junction,RTM
Raver,RV
Rawatpur(Kanpur),RPO
Raxaul Junction,RXL
Rayagada,RGDA
Rayalcheruvu,RLO
Renigunta Junction,RU
Renukut,RNQ
Repalle,RAL
Rewa Terminal,REWA
Rewari Junction,RE
Ringas Junction,RGS
Rishikesh,RKSH
Rishra,RIS
Rajendar Nagar Bihar,RJPB
Ramgarh Shekhwati,RSWT
Raninagar Jalpaiguri,RQJ
Rohana Kalan,RNA
Rohini,RHNE
Rohtak Junction,ROK
Roorkee,RK
Rourkela,ROU
Royapuram,RPM
Roza Junction,RAC
Rudauli,RDL
Rudrapur City,RUPC
Rupnagar,RPAR
Rupra Road,RPRD
Rupsa Junction,ROP
Rusera Ghat,ROA
,Station code
Rabale,
Ramavarappadu,RMV
Raha,RAHA
Raja Ki Mandi,RKM
Rajula City,RJU
Rajula Junction,RLA
Ram Mandir,RMAR
Ramnagar (J&K),RMJK
Ranchi,RNC
Rangiya Junction,RNY
Rangjuli,RGJI
Rasipuram,RASP
Ratabari,RTBR
Ratnagiri,RN
Rayadurg,RDG
Reay Road,RRD
Reddypalayam,RPM
Richha Road,RR
Robertsganj,RBGJ
Roha,ROHA
Rupahigaon,RUP
Rupasibari,RPB
Rura,RRH
Ruthiyai Junction,RTA
Sagoni,SAO
Sahatwar,STW
Sahawar Town,SWRT
Sahibpur KML Junction,SKJ
Sahjanwa,SWA
Saidkhanpur,SYK
Saidraja,SYJ
Saiyid Sarawan,SYWN
Sajanvar Road,SJF
Sajiyavadar,SVJ
Sakaldiha,SLD
Sakhoti Tanda,SKF
Sakhpur,SKR
Sakri Junction,SKI
Saktesgarh,SKGH
Salamatpur,SMT
Salar,SALE
Salarpur,SLRP
Salem Town,SXT
Salemgarhmasani,SJSM
Salogra,SLR
Salpura,SYL
Salwa,SAL
Samakhiali,SIO
Sambalpur Road,SBPD
Samlaya Junction,SMLA
Samrau,SRK
Samsi,SM
Sanaura,SWU
Sandila,SAN
Sanathnagar,SNF
Saneh Road,SNX
Sanganapur,SNGR
Sanganer,SNGN
Sangaria,SGRA
Sangat,SGF
Sangola,SGLA
Sangrampur,SNU
Sangrana Sahib,SBS
Sanichara,SAC
Sanjan,SJN
Sankval,SKVL
Sanosara Nandra,SNSR
Sanosra,SOA
Sant Road,SAT
Santaldih,SNTD
Santalpur,SNLR
Santragachi Junction,SRC
Sanvatsar,SNVR
Sanvrad,SVO
Saradhna,SDH
Sarai Chandi,SYC
Sarai Harkhu,SVZ
Sarai Kansrai,SQN
Sarai Mir,SMZ
Sarai Rani,RKS
Sarangpur,SFW
Sardarnagar,SANR
Sardarshahr,SRDR
Sareigram,SGAM
Sareri,SSR
Sarkoni,SIQ
Sarnath,SRNT
Sarojini Nagar,SOJ
Sarola,SRL
Sarotra Road,SZA
Sarsawa,SSW
Sarupathar,SZR
Sarwari,SVD
Sasan Gir,SASG
Sasni,SNS
Satadhar,STDR
Sathajagat,STJT
Sathiaon,SAA
Sathin Road,SWF
Satnali,STNL
Satuna,SCO
Savarda,SVX
Savarkundla,SVKD
Savda,SAV
Sehramau,SW
Semarkheri,SRKI
Senapura,SEN
Sendra,SEU
Seohara,SEO
Settihally,SET
Sevaliya,SVL
Sewapuri,SWPR
Shadhoragaon,SHDR
Shahbad Mohammadpur,
Shahzad Nagar,SAR
Shambhupura,SMP
Shamlaji Road,SJS
Shankargarh,SRJ
Shantipur,STB
Shapur Sorath Junction,SHH
Sharma,SHRM
SHDSPRA_PADMPRA,SAS
Shedbal,SED
Sheikpura,SHK
Shendri,SEI
Shenoli,SNE
Sheo Singh Pura,SHNX
Sherekan,SRKN
Shertalai,SRTL
Shimoga Town,SMET
Shiribagilu,
Shiroor,SHMI
Shirravde,SIW
Shirsoli,SS
Shiupur,SOP
Shivarampur,WSC
Shivnagar,SHNG
Shivrampur,SWC
Shoghi,SGS
Shohratgarh,SOT
Shri Karanpur,SRW
Shri Madhopur,SMPR
Shrikalyanpura,SKPA
Shrirajnagar,SAGR
Shrivagilu,SVGL
Shujaatpur,SJT
Shujalpur,SJP
Siajuli,SWJ
Sidmukh,SDMK
Sihapar,SIPR
Siho,SIHO
Sihora Road,SHR
Sikandarpur,SKQ
Sikandra Rao,SKA
Sikir,SFK
Silanibari,SOB
Silao,SILO
Silaut,SLT
Siliguru Town,SGUT
Simaria,SAE
Simbhooli,SMBL
Simen Chapari,SMCP
Simlagarh,SLG
Simultala,STL
Sindpan,SDPN
Sindri Town,SNDT
Sindurwa,SYW
Singarpur,SNPR
Singwal,SGW
Siras,SRAS
Sirathu,SRO
Sirli,SIF
Sirran,SIRN
Sisarka,SSKA
Sisvinhalli,SVHE
Siswa Bazar,SBZ
Sitarampur,STN
Sithalavai,SEV
Sithouli,STLI
Sitimani,SII
Siwaith,SWE
Sohwal,SLW
Sojitra,SJTR
Solan Brewery,SBY
Somesar,SOS
Somna,SOM
Sonagir,SOR
Sondha Road,SCN
Sonegaon,SNN
Songadh,SGD
Soni,SONI
Sonik,SIC
Sonwara,SWO
Srikrishna Nagar,SKN
Subansiri,SUZ
Subedarganj,SFG
Suchipind,SCPD
Sujangarh,SUJH
Sujanpur,SJNP
Sukhisewaniyan,SUW
Sukhpar Roha,SRHA
Sukhpur,SUKP
Suladhal,SUL
Sulgare,SGRE
Sultanganj,SGG
Sultanpur,SLN
Sultanpur Lodi,SQR
Sumer,SUMR
Summadevi,SUDV
Summer Hill,SHZ
Sumreri,SMRR
Sunderabad,SNBD
Sundlak,SDLK
Suraimanpur,SIP
Surajgarh,SRGH
Surajpur Road,SJQ
Suravali,SRVX
Sureli,SURL
Suriyawan,SAW
Surpura,SPO
Suwansa,SWS
Suwasra,SVA
Swarupganj,SRPJ
Sagauli Junction,SGL
Saharanpur Junction,SRE
Saharsa Junction,SHC
Sahibganj Junction,SBG
Sakhi Gopal,SIL
Sakleshpur,SKLR
Sakti,SKT
Salawas,SZ
Salekasa,SKS
Salem Market,SAMT
Salempur Junction,SRU
Salur,SALR
Samakhiali B G,SIOB
Samalkha,SMK
Samalpatti,SLY
Samalkot Junction,SLO
Sambalpur,SBP
Sambhar Salt Lake,SBR
Samdhari Junction,SMR
Sampla,SPZ
Sanehwal,SNL
Sanand,SAU
Sanchi,SCI
Sandal Kalan,SLKN
Sangli,SLI
Sangrur,SAG
Sankarankovil,SNKL
SankariDurg,SGE
Sanvordam Curchorem,DCR
Sasaram Junction,SSM
Satara,STR
Satna,STA
Satur,SRT
Saugor (Sagar),SGO
Sawai Madhopur,SWM
Sawai Madhopur Junction,SWMM
Sawantwadi Road,SWV
Sealdah,SDAH
Secunderabad Junction,SC
Sehore,SEH
Selu,SELU
Sengottai,SCT
Seoraphuli,SHE
Seram,SEM
Serampore,SRP
Sevagram,SEGM
Shahabad,SDB
Saharsa Junction,SHS
Shahbad Markanda,SHDM
Shahdol,SDL
Shahganj Junction,SHG
Shahjehanpur,SPN
Shahpur Patoree,SPP
Shajahanpur court,SXK
Shajapur,SFY
Shakti Nagar,SKTN
Shakurbasti,SSB
Shamgarh,SGZ
Shankarpalli,SKP
Shegaon,SEG
Shikohabad Junction,SKB
Shimla,SML
Shimoga,SME
Shirdi (Sainagar Shirdi),SNSI
Shivamogga,
Shivni Shivapur,SVW
Shivpuri,SVPI
Shivaji Bridge,CSB
Sholapur CB,SURC
Sholavandan,SDN
Shoranur Junction,SRR
Shri Amirgadh,SIM
Shri Ganganagar,SGNR
Shri Mahabirji,SMBJ
Shridham,SRID
Shrigonda Road,SGND
ShriKshetra Nagzari,NGZ
Shrirangapatna,S
Shyamnagar,SNR
Siddhpur,SID
Sihor,SOJN
Sikar Junction,SIKR
Siliguri Junction,SGUJ
Silli,SLF
Simaluguri Junction,SLGR
Simhachalam,SCM
Simurali,SMX
Sindhudurg,SNDD
Sindi,SNI
Sindkheda,SNK
Singanallur(Coimbatore),SHIN
Singapur Road,SPRD
Singarayakonda,SKM
Singareni Colleries,SYI
Singrauli,SGRL
Sini Junction,SINI
Sirhind Junction,SIR
Sirkazhi,SY
Sirohi Road,SOH
Sirpur Kaghaznagar,SKZR
Sirpur Town,SRUR
Sirsa,SSA
Sitamarhi,SMI
Sivaganga,SVGA
Sivakasi,SVKS
Siwan Junction,SV
Siwani,SWNI
Sodepur,SEP
Sohagpur,SGP
Sojat Road,SOD
Solan,SOL
Solapur Junction,SUR
Solapur Junction,SURM
Somanur,SNO
Somnath,SMNH
Sompeta,SPT
Son Nagar,SEB
Sonpur Junction,SEE
Soro,SORO
Sri Dungargarh,SDGH
Sri Kalahasti,KHT
Sriramnagar,SRNR
Srirangam,SRGM
Srivilliputtur,SVPR
Subrahmanya Road railway station,SBHR
Subzi Mandi,SZM
Sudsar,SDF
Sulah Himachal Pradesh,SLHP
Sullurupeta,SPE
Sulur Road (Coimbatore),SUU
Sunam,SFM
SundaraperumalKoil,SPL
Supaul,SOU
Surajpur,SUPR
Suratgarh Junction,SOG
Surendranagar,SUNR
Surla Road,SLRD
Swamimalai,SWI
Sakharayapatna (Sakrepatna),SKPN
Sandhurst Road,SNRD
Sanpada,
Santacruz,STC
Saphale,SAH
Seawoodsâ€“Darave,SWDV
Sewri,SVE
Shahad,SHAD
Shelu,
Silapathar,SPTR
Sion,SIN
Sogariya,SGAC
Sonipat Junction,SNP
St. Thomas Mount,STM
,Station code
Swami Narayan Chhapia,SNC
Sabalgarh,SBL
Sabarmati Bridge,SBIC
Sabarmati Junction (Metre Gauge),SBI
Sabarmati Junction,SBT
Sabarmati South,SBIS
Sabaur,SBO
Sabroom,SABRM
Sachin,SCH
Sadar Bazar,DSB
Sadat,SDT
Sadhoogarh,
Sadisopur,SDE
Sadulpur Junction,SDLP
Sadulshahr,SDS
Sadura,SDUA
Safdarjung,DSJ
Safedabad,SFH
Safilguda,SFX
Sagardighi,SDI
Sagar Jambagaru,SRF
Sagarpali,SVI
Sahibabad Junction,SBB
Sri Sathya Sai Prasanthi Nilayam,SSPN
Saidapet,SP
Sainthia railway station,SNT
Salakati,SLKX
Salchapra,SCA
Salem Junction,SA
Salona,SLON
Samaguri,SMGR
Samastipur Junction,SPJ
Samba,SMBX
Sanawad,SWD
Sangar,SGRR
Sangameshwar Road,SGR
Sankarpur,SNQ
Santir Bazar,SNTBR
Sapatgram,SPX
Sardiha,SUA
Satsang Nagar,SSNR
Senchoa Junction,SCE
Sheopur Kalan,SOE
Shisho,SHEO
Sholinghur,SHU
Shri Mata Vaishno Devi Katra,SVDK
Sibsagar Town,SRTN
Sidhauli,SD
Silchar,SCL
Singaperumal Koil,SKL
Sitapur Junction,STP
Sitapur Cantonment,SCC
Sitapur City Junction,SPC
Sivajinagar,SVJR
Sonarpur Junction,SPR
Sopur,SXZM
Sorbhog Junction,SBE
Sorupeta,SPQ
Soron Shukar Kshetra,SRNK
Srikakulam Road,CHE
Srinagar,SINA
"Srirampur, Assam",SRPB
Sukritipur,SQF
Surat,ST
Surathkal,SL
Sanjuje Da Arey],SJDA
Sankval,SKVL
Sonalium,LIM
Suravali,SRVX
Tadali,TAE
Tadwal,TVL
Tahsil Bhadra,TSD
Tahsil Fatehpur,TSF
Tajpur,TJP
Tajpur Dehma,TJD
Takal,TAKL
Takari,TKR
Takarkhede,TKHE
Takia,TQA
Takkolam,TKO
Taksal,TSL
Taku,TAKU
Talaiyuthu,TAY
Talara,TLRA
Talakhajuri,TLKH
Talala Junction,TAV
Talbahat,TBT
Talcher,TLHR
Talchhapar,TLC
Talegaon Dabhade,TGN
Talguppa,TLGP
Talheri Buzurg,THJ
Talli Saidasahu,TSS
Talod,TOD
Talwandi,TWB
Tambaram,TBM
Tambaram Sanatorium,TBMS
Tamuriya,TMA
Tanakpur,TPU
Tanda Urmar,TDO
Tandur railway station,TDU
Tangla,TNL
Tangra,TRA
Tankuppa,TKN
Tanuku,TNKU
Tanur,TA
Tapa,TAPA
Tapri,TPZ
Taradevi,TVI
Tarak Nagar,TNX
Taramani,TMN
Tarana Road,TAN
Taranga Hill,TRAH
Taraori,TRR
Taregna,TEA
Targaon,TAZ
Tarighat,TRG
Tarlupadu,TRL
Tarn Taran,TTO
Tarsai,TRSR
Tarsari Muria,TRSR
Tatanagar Junction,TATA
Tatibahar,TBH
Tatisilwai,TIS
Teghra,TGA
Teharka,TKA
Telam,TQM
Telwa bazar,TLB
Tellicherry,TLY
Tenali Junction,TEL
Theni,TENI
Tenkasi,TSI
Tenmalai,TML
Tetulmari,TET
Tezpore,TZTB
Than Junction,THAN
Thana Bihpur Junction,THB
Thandla Rd,THDR
Thathana Mithri,THMR
Thawe Junction,THE
Therubali,THV
Thiruvarur Junction,TVR
Thokur,TOK
"Thuria, India",THUR
Tibi,TIBI
Tikaria,TKYR
Tikekarwadi,TKKD
Tikunia,TQN
Tilak Bridge,TKJ
Tilaru,TIU
Tilaiya,TIA
Tilda,TLD
Tilhar,TLH
Tilrath,TIL
Tilwara,TWL
Timarni,TBN
Timba Road,TBA
Timmapur,TMX
Tinai Ghat,TGT
Tindivanam,TMV
Tinpahar Junction,TPH
Tinsukia Junction,TSK
Tipling,TPG
Tirodi,TRDI
Tirora,TRO
Tiruchanur,TCNR
Tiruchirapalli Fort,TP
Tiruchirapalli Palakkarai,TPE
Tirukoilur,TRK
Tirumayilai,MYL
Tirumalpur,TMLP
Tirumangalam,TMQ
Tirunagesvaram,TRM
Tirupadripuliyur,TDPR
Tirupati,TPTY
Tiruparankndrm,TDN
Tirupattur Junction,TPT
Tiruppappuliyur,CUD
Tiruppur,TUP
Tirusulam,TLM
Tiruttani,TRT
Tiruturaipundi Junction,TTP
Tiruvalam,THL
Tiruvalangadu,TO
Tiruvalla,TRVL
Tiruvanmiyur,TMU
Tiruvannamalai railway station,TNM
Tiruverumbur,TRB
Tiruvidaimarudur,TDR
Tisi,TISI
Tisua,TSA
Titabar,TTB
Titlagarh,TGH
Tivari,TIW
Todarpur,TDP
Tohana,TUN
Tori,TORI
Trichur,TCR
Trikarpur,TKQ
Trilochan Mahdo,TLMD
Triplicane,TPQ
Tripunittura,TRTR
Tsunduru,TSR
Tughlakabad,TKD
Tukaithad,TTZ
Tulsipur,TLR
Tulwara Jhil,TLI
Tumkur,TK
Tumsar Road,TMR
Tundla Junction,TDL
Tuni,TUNI
Turtipar,TTI
Tuwa,TUWA
Twining Ganj,TWG
Tada,TXD
Tamkuhi Road,TOI
Thrissur,TCR
Trivandrum Central,TVC
Thiruvananthapuram Pettah,TVP
Tadepalligudem,TDD
Tadipatri,TU
Tamluk,TMZ
Thane,TNA
Tiptur,TTR
Tirumalairayanpattinam,TMPT
Tirur,TIR
Titlagarh Junction,TIG
Toranagallu,TNGL
Tuti-Melur,TME
Tuticorin,TN
Talvadiya Junction,TLZ
Taloja,
Tarabari,TRBE
Tetelia,TTLA
Thakurkuchi,TKC
Thakurli,
Thanjavur Junction,TJ
Thekeraguri,TGE
Thirumullaivoyal,TMVL
Thiruninravur,TI
Thivim railway station,THVM
Tihu,TIHU
Tilak Nagar,TKNG
Tipkai,TPK
Tiruchirapalli Junction,TPJ
Tiruchendur,TCN
Tirunelveli Junction,TEN
Tiruttangal,TTL
Tiruvallur,TRL
Tiruvottiyur,TVT
Titwala,TL
Tondiarpet,TNP
Turbhe,TUH
Ubarni,UBN
Uchana,UCA
Uchippuli,UCP
Udagamandalam,UAM
Udalguri,ULG
Udalkachar,UKR
Udasar,UDS
Udgir,UDGR
Udhna Junction,UDN
Udramsar,UMS
Udupi,UD
Udvada,UVD
Udwantnagar Halt,UWNR
Udyankheri,UDK
Ugaon,UGN
Ugar Khurd,UGR
Ugarpur,UGP
Ugna Halt,UGNA
Ugrasenpur,URPR
Ugu,UGU
Ugwe,UGWE
Ujalvav,UJ
Ujhani,UJH
Ujiarpur,UJP
Ukai Songadh,USD
Ukhali,UKH
Ukhra,UKA
Ukilerhat Halt,UKLH
Uklana,UKN
Ukshi,UKC
Ulavapadu,UPD
Ulhasnagar,ULNR
Ulindakonda,UKD
Ullal,ULL
Ulnabhari,ULL
Ulubaria,ULB
Ulundurpet,ULU
Umar Tali,UTA
Umardashi,UM
Umaria,UMR
Umariaispah Halt,UIH
Umarpada,UMPD
Umargam Road,UBR
Umda Nagar,UR
Umed,UMED
Umeshnagar,UMNR
Umra,UMRA
Umranala,ULA
Umram,UMM
Umred,URR
Umreth,UMH
Umri,UMRI
Umroli,UOI
Una,UNA
Una Himachal,UHL
Unai Vansada Rd,UN
Unaula,UNLA
Unchahar Junction,UCR
Unchaulia,UCH
Unchdih,UND
Unchhera,UHR
Unchi Bassi,UCB
Undasa Madhawpu,UDM
Undi,UNDI
Unguturu,VGT
Unhel,UNL
Unjalur,URL
Unjha,UJA
Unkal,UNK
Unnao Junction,ON
Untare Road,URD
Uplai,UPI
Upleta,UA
Uppal,OPL
Uppala,UAA
Uppalavai,UPW
Uppalur,UPL
Uppuguda,HPG
Uppugunduru,UGD
Urapakkam,UPM
Urdauli,UDX
Uren,UREN
Urga,URGA
Urkura,URK
Urlam,ULM
Urma,URMA
Uruli,URI
Usalapur,USL
Usia Khas,USK
Uska Bazar,UB
Usmanpur,UPR
Usra,USRA
Utarlai,UTL
Utarsanda,UTD
Utraitia Jn,UTR
Utran,URN
Utripura,UTP
Uttamarkovil,UKV
Uttangal Mangalam,UMG
Uttar Radhanagar Halt,UTN
Uttarpara,UPA
Uttukuli,UKL
Udumalpettai,UDT
Udaipur City,UDZ
Udaipur Khurd Halt,UDKN
Udaipur Tripura,UDPU
Udaipura,UDPR
Udairampur,URP
Udhampur,UHP
Ujjain Junction,UJN
V.O.C. Nagar,VOC
Vachaspati Nagar,VPH
Vadaj,VRJ
Vadakara,BDJ
Vadali,VAE
Vadali Luter Road,VLTR
Vadalur,VLU
Vadamadura,VDM
Vadanam Kurussi Halt,VDKS
Vadgaon,VDN
Vadgaon Nila,VDGN
Vadhvana,VAN
Vadippatti,VDP
Vadiya Devli,VDV
Vadlamannadu,VMD
Vadod,VXD
Vadtal Swaminarayan,VTL
Vadviyala,VVL
Vagdiya,VD
Vaghli,VGL
Vaibhavwadi Road,VBW
Vaikom Road,VARD
Vailapuzha,VPZ
Vaitarna,VTN
Vaitheeswaran Koil,VDL
Vakav,WKA
Valadar,VLDR
Valadi,VLDE
Valantaravai,VTV
Valapattanam,VAPM
Valappadi G Halt,VGE
Valaramanikkam,VMM
Valathoor,VLT
Valavanur,VRA
Valha,WLH
Valivade,VV
Vallampadugai,VMP
Vallathol Nagar,VTK
Vallikkunnu,VLI
Valliveedu,VLV
Valliyur,VLY
Valmikinagar Road,VKNR
Valsad,BL
Valyampatti,VPJ
Vambori,VBR
Vandalur,VDR
Vangani,VGI
Vanganur,VRN
Vangaon,VGN
Vangal,VGL
Vani Road,VNRD
Vanigonda,VLG
Vaniyambadi,VN
Vaniyambadi,VN
Vaniyambalam,VNB
Vanji Maniyachi Junction,MEJ
Vankal,VKL
Vapi,VAPI
Varahi,VRX
Varakalpattu,VKP
Varangaon,VNA
Varediya,VRE
Varkhedi,VRKD
Varnama,VRM
Vartej,VTJ
Varvala,VVA
Vasad Junction,VDA
Vasai Road,BSR
Vasan Iyawa,WSE
Vashi,V
Vasind,VSD
Vaso,VASO
Vastrapur,VTP
Vatluru,VAT
Vatva,VTA
Vavdi,VVD
Vavdi Khurd,VKG
Vavera,VVV
Vayalar,VAY
Vayalpad,VLD
Vazeerpur Halt,ZPH
Vedaranniyam,VDY
Vedayapalem,VDE
Vedchha,VDH
Vejalka,VJK
Vejendla,VJA
Velachery,VLCY
Velaccha,VLC
Velankanni,VLNK
Veldurti,VDI
Vellanur,VEL
Vellarakkad,VEK
Vellayil,VLL
Vellipalayem,VXM
Velliyani,VEI
Vellodu,VO
Vellore Cantonment,VLR
Vellore Town,VT
Vellur Halt,VER
Velpuru,VPU
Velpuru Road,VEP
Vemuru,VMU
Vendodu,VDD
Vendra,VND
Venkatachalam,VKT
Venkatagiri,VKI
Venkatagiri Kote Halt,VTE/H
Venkatampalli,VPL
Venkatnagar,VKR
Ventraptagada,VPG
Vepagunta,VGA
Veppampattu,VEU
Veraval,VRL
Verka Junction,VKA
Vetapalemu,VTM
Vidisha,BHS
Vidhraswattha,VWA
Vidya Nagar,VAR
Vidyapatinagar,VPN
Vidyasagar,VDS
Vidyavihar,VVH
Vijapur,VJP
Vijayamangalam,VZ
Vijianagar,VJR
Vijpadi Road,VJD
Vikarabad Junction,VKB
Vikhran,VKH
Vikhroli,VK
Vikramgarh Alot,VMA
Vikramnagar,VRG
Vikravandi,VVN
Vilad,VL
Vilavade,VID
Vialayatkalan Road,VYK
Vile Parle,VLP
Vilegaon,VLN
Villianur,VI
Villiyambakkam,VB
Villuppuram Junction,VM
Vindhyachal,BDL
Vinhere,VINH
Vinnamangalam,VGM
Vinukonda,VKD
Viramdad,VQD
Viramgam Junction,VG
Virani Alur,VRLR
Virapandy Road,VRPD
Viraput,VP
Virar,VR
Virarakkiyam,VRQ
Viravada,VRV
Viravalli,VRVL
Viravasaram,VVM
Virbhadra,VRH
Virinchipuram,VJ
Virochannagar,VCN
Virol,VOL
Virpur,VRR
Virudunagar Junction,VPT
Virul,VUL
Visapur,VPR
Visavadar,VSW
Vishnupuram,VNUP
Vishrambag,VRB
Vishvamitri,VS/VSI
Visnagar,VNG
Viswanath Chrli,VNE
Vithalwadi,VLDI
Viveka Vihar,VVB
Vivekanandpuri Halt,VVKP
Vondh,VON
Vriddhachalam Junction,VRI
Vrindhachalam Town,VRT
Vrindaban Road,VRDB
Vyara,VYA
Vyasnagar,VYN
Vijayawada Junction,BZA
Vizianagaram Junction,VZM
Vadal,VAL
Vadnagar,VDG
Vadodara Junction,BRC
Vallabhnagar,VBN
Vallabh Vidyanagar,VLYN
Varanasi City,BCY
Varanasi Junction,BSB
Varkala,VAK
Vasco da Gama railway station,VSG
Veer,VEER
Venkatanarashimarajuvaripeta,VKZ
Verna railway station,VEN
Vijaypur Jammu,VJPJ
Villivakkam,VLK
Visakhapatnam,VSKP
V. O. C. Nagar railway station,VOC
Vyasarpadi Jeeva,VJM
Wadakanchery,WKI
Wadala Road,BPTW
Wadegaon,WDG
Wadhwan City,WC
Wadi Junction,WADI
Wadiaram,WDR
Wadrengdisa,WDA
Wadsa,WSA
Wadsinge,WDS
Wadwal Nagnath,WDLN
Waghai,WGI
Waghoda,WGA
Wair,WAIR
Walajabad,WJ
Walajah Road,WJR
Walayar,WRA
Wan Road,WND
Wandal,WDL
Wanderjatana,WDJ
Wanegaon,WNG
Wangapalli,WP
Wani,WANI
Wankaner City,WKRC
Wankaner Junction,WKR
Wanparti Road,WPR
Wansjaliya,WSJ
Warangal,WL
Wardha East,WRE
Wardha Junction,WR
Waria,OYR
Warigaon Newada,WRGN
Waris Aleganj,WRS
Warora,WRR
Warud,WARUD
Warudkhed,WRD
Wasanapura,VSP
Washermanpet,WST
Washim,WHM
Washimbe,WSB
Wasud,WSD
Wathar,WTR
Wazerganj,WZJ
Wellington,WEL
Wena,WENA
West Hill,WH
West Mambalam,MBM
Whitefield,WFD
Wihirgaon,VHGN
Wimco Nagar,WCN
Wirur,WIRR
WRS Colony PH,WRC
Wyndhamganj,WDM
Yadalapur,YDLP
Yadgir,YG
Yadudih,YDD
Yadvendranagar,YDV
Yakutpura,YKA
Yalvigi,YLG
Yamuna Bridge,JAB
Yamuna South Bank,JSB
Yaqutganj,YAG
Yataluru,YAL
Yavatmal,YTL
Yedamangala,YDM
Yedapalli,YDP
Yedakumeri,YDK
Yedshi,YSI
Yelahanka Junction,YNK
Yelgur,YGL
Yeliyur,Y
Yellakaru,YLK
Yeola,YL
Yermaras,YS
Yerpedu,YPD
Yerra Goppa Halt,YGA
Yerraguntla Junction,YA
Yesvantpur Junction,YPR
Yeulkhed,YAD
Yevat,YT
Yogendra Dham Halt,YEAM
Yusufpur,YFP
Zafarabad Junction,ZBD
Zahirabad,ZB
Zamania,ZNA
Zampini,ZPI
Zantalapalle,ZPL
Zankhvav,ZNK
Zarap,ZARP
Zarpur Pali,ZP
Zawar,ZW
Zindpura,ZNP
ExternalData_2: Getting Data ...,
